{
    "uvs": [[0.9016823768615723, 0.5992474555969238, 0.800227165222168, 0.67305588722229, 0.800227165222168, 0.67305588722229, 0.9016823768615723, 0.5992474555969238, 0.6553077697753906, 0.730759859085083, 0.6553077697753906, 0.730759859085083, 0.5000002384185791, 0.7559341192245483, 0.5000002384185791, 0.7559341192245483, 0.3446926474571228, 0.7307599782943726, 0.3446926474571228, 0.7307599782943726, 0.19977307319641113, 0.6730561256408691, 0.19977307319641113, 0.6730561256408691, 0.09831774234771729, 0.5992476940155029, 0.09831774234771729, 0.5992476940155029, 0.0, 0.5000001192092896, 0.0, 0.5000001192092896, 0.09831762313842773, 0.4007524251937866, 0.09831762313842773, 0.4007524251937866, 0.19977283477783203, 0.32694411277770996, 0.19977283477783203, 0.32694411277770996, 0.3446924090385437, 0.26924002170562744, 0.3446924090385437, 0.26924002170562744, 0.4999999403953552, 0.24406588077545166, 0.4999999403953552, 0.24406588077545166, 0.6553075313568115, 0.26924002170562744, 0.6553075313568115, 0.26924002170562744, 0.8002270460128784, 0.3269439935684204, 0.8002270460128784, 0.3269439935684204, 0.9016822576522827, 0.40075230598449707, 0.9016822576522827, 0.40075230598449707, 1.0, 0.5, 1.0, 0.5, 0.5, 0.5, 0.5, 0.5]], 
    "faces": [41, 0, 1, 17, 16, 0, 1, 2, 3, 0, 1, 2, 3, 41, 1, 2, 18, 17, 1, 4, 5, 2, 1, 4, 5, 2, 41, 2, 3, 19, 18, 4, 6, 7, 5, 4, 6, 7, 5, 41, 3, 4, 20, 19, 6, 8, 9, 7, 6, 8, 9, 7, 41, 4, 5, 21, 20, 8, 10, 11, 9, 8, 10, 11, 9, 41, 5, 6, 22, 21, 10, 12, 13, 11, 10, 12, 13, 11, 41, 6, 7, 23, 22, 12, 14, 15, 13, 12, 14, 15, 13, 41, 7, 8, 24, 23, 14, 16, 17, 15, 14, 16, 17, 15, 41, 8, 9, 25, 24, 16, 18, 19, 17, 16, 18, 19, 17, 41, 9, 10, 26, 25, 18, 20, 21, 19, 18, 20, 21, 19, 41, 10, 11, 27, 26, 20, 22, 23, 21, 20, 22, 23, 21, 41, 11, 12, 28, 27, 22, 24, 25, 23, 22, 24, 25, 23, 41, 12, 13, 29, 28, 24, 26, 27, 25, 24, 26, 27, 25, 41, 13, 14, 30, 29, 26, 28, 29, 27, 26, 28, 29, 27, 41, 14, 15, 31, 30, 28, 30, 31, 29, 28, 30, 31, 29, 41, 15, 0, 16, 31, 30, 0, 3, 31, 30, 0, 3, 31, 40, 1, 0, 32, 1, 0, 32, 1, 0, 32, 40, 2, 1, 32, 4, 1, 32, 4, 1, 32, 40, 3, 2, 32, 6, 4, 32, 6, 4, 32, 40, 4, 3, 32, 8, 6, 32, 8, 6, 32, 40, 5, 4, 32, 10, 8, 32, 10, 8, 32, 40, 6, 5, 32, 12, 10, 32, 12, 10, 32, 40, 7, 6, 32, 14, 12, 32, 14, 12, 32, 40, 8, 7, 32, 16, 14, 32, 16, 14, 32, 40, 9, 8, 32, 18, 16, 32, 18, 16, 32, 40, 10, 9, 32, 20, 18, 32, 20, 18, 32, 40, 11, 10, 32, 22, 20, 32, 22, 20, 32, 40, 12, 11, 32, 24, 22, 32, 24, 22, 32, 40, 13, 12, 32, 26, 24, 32, 26, 24, 32, 40, 14, 13, 32, 28, 26, 32, 28, 26, 32, 40, 15, 14, 32, 30, 28, 32, 30, 28, 32, 40, 0, 15, 32, 0, 30, 32, 0, 30, 32, 40, 16, 17, 33, 3, 2, 33, 3, 2, 33, 40, 17, 18, 33, 2, 5, 33, 2, 5, 33, 40, 18, 19, 33, 5, 7, 33, 5, 7, 33, 40, 19, 20, 33, 7, 9, 33, 7, 9, 33, 40, 20, 21, 33, 9, 11, 33, 9, 11, 33, 40, 21, 22, 33, 11, 13, 33, 11, 13, 33, 40, 22, 23, 33, 13, 15, 33, 13, 15, 33, 40, 23, 24, 33, 15, 17, 33, 15, 17, 33, 40, 24, 25, 33, 17, 19, 33, 17, 19, 33, 40, 25, 26, 33, 19, 21, 33, 19, 21, 33, 40, 26, 27, 33, 21, 23, 33, 21, 23, 33, 40, 27, 28, 33, 23, 25, 33, 23, 25, 33, 40, 28, 29, 33, 25, 27, 33, 25, 27, 33, 40, 29, 30, 33, 27, 29, 33, 27, 29, 33, 40, 30, 31, 33, 29, 31, 33, 29, 31, 33, 40, 31, 16, 33, 31, 3, 33, 31, 3, 33], 
    "vertices": [0.40168241, 0.09924753, -0.05, 0.30022722, 0.17305593, -0.05000001, 0.15530774, 0.23075996, -0.05000001, 2.5e-07, 0.25593427, -0.05000001, -0.15530734, 0.23076008, -0.05000001, -0.30022693, 0.17305619, -0.05000001, -0.40168223, 0.09924778, -0.05, -0.5, 2.5e-07, -0.05, -0.40168235, -0.09924753, -0.05, -0.30022714, -0.17305581, -0.05000001, -0.15530759, -0.23075983, -0.05000001, -7e-08, -0.25593403, -0.05000001, 0.1553075, -0.23075983, -0.05000001, 0.30022705, -0.17305593, -0.05000001, 0.40168229, -0.09924766, -0.05, 0.5, 1.2e-07, -0.05, 0.40168241, 0.09924753, 0.05, 0.30022722, 0.17305593, 0.05000001, 0.15530774, 0.23075995, 0.05000001, 2.5e-07, 0.25593427, 0.05000001, -0.15530734, 0.23076008, 0.05000001, -0.30022693, 0.17305617, 0.05000001, -0.40168223, 0.09924778, 0.05, -0.5, 2.5e-07, 0.05, -0.40168235, -0.09924753, 0.05, -0.30022714, -0.17305581, 0.05000001, -0.15530759, -0.23075984, 0.05000001, -7e-08, -0.255934, 0.05000001, 0.1553075, -0.23075984, 0.05000001, 0.30022705, -0.17305593, 0.05000001, 0.40168229, -0.09924766, 0.05, 0.5, 1.2e-07, 0.05, 1e-08, 1.2e-07, -0.05, 1e-08, 1.2e-07, 0.05], 
    "materials": [], 
    "normals": [0.33530167, 0.38706678, -0.85892493, 0.28210324, 0.52849054, -0.80069679, 0.28210321, 0.52849054, 0.80069679, 0.33530167, 0.38706678, 0.85892493, 0.16737381, 0.60631204, -0.77741349, 0.16737378, 0.60631192, 0.77741355, 2.5e-07, 0.65658247, -0.75425416, 2.7e-07, 0.65658242, 0.75425422, -0.16737324, 0.60631222, -0.77741349, -0.16737321, 0.60631216, 0.77741349, -0.28210291, 0.5284909, -0.80069667, -0.28210285, 0.52849084, 0.80069679, -0.33530152, 0.38706693, -0.85892487, -0.33530152, 0.38706693, 0.85892493, -0.62241781, 3.3e-07, -0.78268516, -0.62241781, 3.3e-07, 0.78268516, -0.3353017, -0.38706648, -0.8589251, -0.3353017, -0.38706648, 0.8589251, -0.28210294, -0.52849084, -0.80069685, -0.28210297, -0.52849084, 0.80069679, -0.16737348, -0.60631198, -0.77741355, -0.16737349, -0.6063121, 0.77741343, 0.0, -0.65658242, -0.75425434, 1e-08, -0.65658242, 0.75425434, 0.16737324, -0.60631216, -0.77741349, 0.16737324, -0.60631222, 0.77741337, 0.28210273, -0.5284909, -0.80069679, 0.28210279, -0.52849096, 0.80069679, 0.33530161, -0.38706645, -0.8589251, 0.33530161, -0.38706645, 0.8589251, 0.62241781, -3.5e-07, -0.78268516, 0.62241781, -3.5e-07, 0.7826851, 0.0, -0.0, -0.99999988, -0.0, -0.0, 0.99999994], 
    "metadata": {
        "formatVersion": 3.1, 
        "generatedBy": "Maya Exporter"
    }
}