{
    "uvs": [[0.6818181276321411, 0.1818181276321411, 0.31818175315856934, 0.1818181276321411, 0.13383984565734863, 0.016573965549468994, 0.8661600351333618, 0.016573965549468994, 0.31818175315856934, 0.8181817531585693, 0.13383984565734863, 0.9834258556365967, 0.6818181276321411, 0.8181817531585693, 0.8661600351333618, 0.9834258556365967]], 
    "faces": [41, 1, 0, 4, 5, 0, 1, 2, 3, 0, 1, 2, 3, 41, 0, 2, 6, 4, 1, 4, 5, 2, 4, 5, 6, 7, 41, 3, 1, 5, 7, 6, 0, 3, 7, 8, 9, 10, 11, 41, 2, 3, 7, 6, 4, 6, 7, 5, 12, 13, 14, 15], 
    "vertices": [-2.0, -3.5, 0.0, 2.0, -3.5, 0.0, -2.0, 3.5, 0.0, 2.0, 3.5, 0.0, -4.02776146, -5.31768608, 0.74107039, 4.02776146, -5.31768608, 0.74107039, -4.02776146, 5.31768608, 0.74107039, 4.02776146, 5.31768608, 0.74107039], 
    "materials": [], 
    "normals": [0.0, 0.92599761, -0.37752908, 0.0, 0.92599761, -0.37752908, 0.0, 0.92599773, -0.37752914, 0.0, 0.92599773, -0.37752914, 0.34325731, 0.93924135, 0.0, 0.34325731, 0.93924135, 0.0, 0.34325731, 0.93924141, 0.0, 0.34325731, 0.93924141, 0.0, -0.34325731, 0.93924135, 0.0, -0.34325731, 0.93924135, 0.0, -0.34325731, 0.93924141, 0.0, -0.34325731, 0.93924141, 0.0, 0.0, 0.92599761, 0.37752908, 0.0, 0.92599761, 0.37752908, 0.0, 0.92599773, 0.37752914, 0.0, 0.92599773, 0.37752914], 
    "metadata": {
        "formatVersion": 3.1, 
        "generatedBy": "Maya Exporter"
    }
}