{
    "uvs": [[0.6799988150596619, 0.185001939535141, 0.3200010657310486, 0.185001939535141, 0.13383984565734863, 0.016573965549468994, 0.8661600351333618, 0.016573965549468994, 0.3200010657310486, 0.8149979114532471, 0.13383984565734863, 0.9834258556365967, 0.6799988150596619, 0.8149979114532471, 0.8661600351333618, 0.9834258556365967]], 
    "faces": [41, 1, 0, 4, 5, 0, 1, 2, 3, 0, 1, 2, 3, 41, 0, 2, 6, 4, 1, 4, 5, 2, 4, 5, 6, 7, 41, 3, 1, 5, 7, 6, 0, 3, 7, 8, 9, 10, 11, 41, 2, 3, 7, 6, 4, 6, 7, 5, 12, 13, 14, 15], 
    "vertices": [-2.0, -3.5, -0.00013296, 2.0, -3.5, -0.00013296, -2.0, 3.5, -0.00013296, 2.0, 3.5, -0.00013296, -4.02776146, -5.31768608, 0.00028523, 4.02776146, -5.31768608, 0.00028523, -4.02776146, 5.31768608, 0.00028523, 4.02776146, 5.31768608, 0.00028523], 
    "materials": [], 
    "normals": [0.0, 0.99999994, -0.00023007, 0.0, 0.99999994, -0.00023007, 0.0, 0.99999994, -0.00023007, 0.0, 0.99999994, -0.00023007, 0.00020624, 0.99999994, 0.0, 0.00020624, 0.99999994, 0.0, 0.00020624, 0.99999994, 0.0, 0.00020624, 0.99999994, 0.0, -0.00020624, 0.99999994, 0.0, -0.00020624, 0.99999994, 0.0, -0.00020624, 0.99999994, 0.0, -0.00020624, 0.99999994, 0.0, 0.0, 0.99999994, 0.00023007, 0.0, 0.99999994, 0.00023007, 0.0, 0.99999994, 0.00023007, 0.0, 0.99999994, 0.00023007], 
    "metadata": {
        "formatVersion": 3.1, 
        "generatedBy": "Maya Exporter"
    }
}