{
    "uvs": [[0.7926757335662842, 0.08839774131774902, 0.356304794549942, 0.08839774131774902, 0.2866560220718384, 0.3441174030303955, 0.9392203688621521, 0.8093392252922058, 0.24836087226867676, 0.06488919258117676, 0.1592322587966919, 0.3060321807861328, 0.31837788224220276, 0.06657910346984863, 0.23662221431732178, 0.2973055839538574, 0.7916810512542725, 0.2973055839538574, 0.7382084131240845, 0.17281007766723633, 0.8306024074554443, 0.06657910346984863, 0.9123581647872925, 0.2973055839538574, 0.9006195068359375, 0.06488919258117676, 0.9813860654830933, 0.30641818046569824, 0.35216888785362244, 0.5977256298065186, 0.7968116998672485, 0.5977256298065186, 0.2190929651260376, 0.6014049053192139, 0.28771859407424927, 0.5781910419464111, 0.8613760471343994, 0.588268518447876, 0.7171489000320435, 0.428617000579834, 0.9298874139785767, 0.6014049053192139, 0.5744901895523071, 0.004738330841064453, 0.5751675367355347, 0.04008173942565918, 0.5744901895523071, 0.6333107948303223, 0.5751491785049438, 0.6114389896392822, 0.35993191599845886, 0.2973055839538574, 0.4286481440067291, 0.4286799430847168, 0.4095025360584259, 0.1719651222229004, 0.575148344039917, 0.4497091770172119, 0.5751376152038574, 0.13540983200073242, 0.6282294988632202, 0.2973644733428955, 0.5751475095748901, 0.30600905418395996, 0.575374960899353, 0.2973055839538574, 0.5751481056213379, 0.2886021137237549, 0.519456148147583, 0.2973628044128418, 0.6069575548171997, 0.8093392252922058, 0.6069575548171997, 0.8093392252922058, 0.6447702050209045, 0.955716073513031, 0.9392203688621521, 0.8093392252922058, 0.8623244762420654, 0.3441174030303955, 0.9014078378677368, 0.955716073513031, 0.6471573114395142, 0.6617435812950134, 0.8990206718444824, 0.6617435812950134, 0.3041781783103943, 0.6413449048995972, 0.17335152626037598, 0.6413476467132568, 0.17828232049942017, 0.7073765397071838, 0.3445813059806824, 0.7073423862457275, 0.04248178005218506, 0.6413476467132568, 0.011930301785469055, 0.7073807716369629, 0.09242650866508484, 0.6413453221321106, 0.1120433509349823, 0.7073492407798767, 0.25416380167007446, 0.6413434147834778, 0.2443820834159851, 0.7073255181312561, 0.17674881219863892, 0.7680489420890808, 0.26410841941833496, 0.767967700958252, 0.08936212956905365, 0.7680591940879822, 0.1397312432527542, 0.7679843306541443, 0.21369569003582, 0.7679278254508972, 0.17509347200393677, 0.9854702949523926]], 
    "faces": [41, 0, 1, 7, 6, 42, 41, 35, 38, 0, 1, 2, 3, 41, 1, 2, 8, 7, 1, 4, 5, 2, 1, 4, 5, 2, 41, 2, 3, 9, 8, 4, 6, 7, 5, 4, 6, 7, 5, 41, 29, 30, 4, 10, 8, 9, 10, 11, 8, 9, 10, 11, 41, 4, 5, 11, 10, 10, 12, 13, 11, 10, 12, 13, 11, 41, 5, 0, 6, 11, 12, 0, 39, 13, 12, 0, 3, 13, 41, 6, 7, 13, 12, 3, 36, 37, 40, 3, 2, 14, 15, 41, 7, 8, 14, 13, 2, 5, 16, 14, 2, 5, 16, 14, 41, 8, 9, 15, 14, 5, 7, 17, 16, 5, 7, 17, 16, 41, 16, 28, 29, 10, 18, 19, 8, 11, 18, 19, 8, 11, 41, 10, 11, 17, 16, 11, 13, 20, 18, 11, 13, 20, 18, 41, 11, 6, 12, 17, 13, 39, 15, 20, 13, 3, 15, 20, 40, 1, 0, 18, 1, 0, 21, 1, 0, 21, 40, 2, 1, 18, 4, 1, 21, 4, 1, 21, 40, 3, 2, 18, 6, 4, 21, 6, 4, 21, 40, 4, 25, 18, 10, 22, 21, 10, 22, 21, 40, 5, 4, 18, 12, 10, 21, 12, 10, 21, 40, 0, 5, 18, 0, 12, 21, 0, 12, 21, 40, 12, 13, 19, 15, 14, 23, 15, 14, 23, 40, 13, 14, 19, 14, 16, 23, 14, 16, 23, 40, 14, 15, 19, 16, 17, 23, 16, 17, 23, 40, 19, 24, 16, 23, 24, 18, 23, 24, 18, 40, 16, 17, 19, 18, 20, 23, 18, 20, 23, 40, 17, 12, 19, 20, 15, 23, 20, 15, 23, 41, 9, 33, 26, 15, 7, 25, 26, 17, 7, 25, 26, 17, 41, 3, 32, 33, 9, 6, 27, 25, 7, 6, 27, 25, 7, 41, 24, 27, 28, 16, 24, 28, 19, 18, 24, 28, 19, 18, 41, 30, 31, 25, 4, 9, 29, 22, 10, 9, 29, 22, 10, 40, 21, 22, 34, 30, 31, 32, 30, 31, 32, 40, 34, 23, 21, 32, 33, 30, 32, 33, 30, 40, 15, 24, 19, 17, 24, 23, 17, 24, 23, 41, 15, 26, 27, 24, 17, 26, 28, 24, 17, 26, 28, 24, 41, 3, 25, 31, 32, 6, 22, 29, 27, 6, 22, 29, 27, 40, 18, 25, 3, 21, 22, 6, 21, 22, 6, 41, 27, 26, 20, 22, 28, 26, 34, 31, 28, 26, 34, 31, 41, 28, 27, 22, 21, 19, 28, 31, 30, 19, 28, 31, 30, 40, 29, 28, 21, 8, 19, 30, 8, 19, 30, 40, 21, 30, 29, 30, 9, 8, 30, 9, 8, 41, 23, 31, 30, 21, 33, 29, 9, 30, 33, 29, 9, 30, 41, 32, 31, 23, 20, 27, 29, 33, 34, 27, 29, 33, 34, 40, 33, 32, 20, 25, 27, 34, 25, 27, 34, 40, 26, 33, 20, 26, 25, 34, 26, 25, 34, 40, 34, 22, 20, 32, 31, 34, 32, 31, 34, 40, 20, 23, 34, 34, 33, 32, 34, 33, 32, 41, 35, 36, 41, 40, 43, 44, 45, 46, 35, 36, 37, 38, 41, 36, 37, 42, 41, 44, 47, 48, 45, 36, 39, 40, 37, 41, 37, 38, 43, 42, 47, 49, 50, 48, 39, 41, 42, 40, 41, 38, 39, 44, 43, 49, 51, 52, 50, 41, 43, 44, 42, 41, 39, 35, 40, 44, 51, 43, 46, 52, 43, 35, 38, 44, 41, 40, 41, 46, 45, 46, 45, 53, 54, 38, 37, 45, 46, 41, 41, 42, 47, 46, 45, 48, 55, 53, 37, 40, 47, 45, 41, 42, 43, 48, 47, 48, 50, 56, 55, 40, 42, 48, 47, 41, 43, 44, 49, 48, 50, 52, 57, 56, 42, 44, 49, 48, 41, 44, 40, 45, 49, 52, 46, 54, 57, 44, 38, 46, 49, 40, 35, 39, 36, 43, 51, 44, 35, 43, 36, 40, 39, 38, 36, 51, 49, 44, 43, 41, 36, 40, 38, 37, 36, 49, 47, 44, 41, 39, 36, 40, 45, 46, 50, 54, 53, 58, 46, 45, 50, 40, 46, 47, 50, 53, 55, 58, 45, 47, 50, 40, 47, 48, 50, 55, 56, 58, 47, 48, 50, 40, 48, 49, 50, 56, 57, 58, 48, 49, 50, 40, 49, 45, 50, 57, 54, 58, 49, 46, 50], 
    "vertices": [0.28115779, 0.04456878, -0.30679768, -0.28612465, 0.0445689, -0.30679768, -0.42645156, 0.01400824, -0.05583318, -0.32348621, 0.03247758, 0.17970316, 0.31825912, 0.03265043, 0.17964117, 0.42148459, 0.01400824, -0.05583318, 0.36674488, 0.37704873, -0.40394118, -0.36439359, 0.37506008, -0.40407196, -0.58997142, 0.3255977, -0.05994906, -0.44191444, 0.31609485, 0.32257333, 0.44698966, 0.31535694, 0.3183035, 0.58997142, 0.32481617, -0.0617915, 0.27896488, 0.69179505, -0.2984052, -0.28062379, 0.69218773, -0.29418674, -0.43505991, 0.69618046, -0.0568948, -0.35814607, 0.62802547, 0.21209131, 0.35704577, 0.62523431, 0.2179694, 0.44407046, 0.69685256, -0.05578436, -0.00248349, -0.0641878, -0.05583318, -0.00248349, 0.75295579, -0.055833, -0.09651029, 0.38102242, 0.33916727, 0.04067338, 0.35519311, 0.33651558, -0.02203429, 0.35532421, 0.36254779, -0.02431834, 0.34303281, 0.36200395, -0.00162685, 0.67054218, 0.2886394, -0.00160301, -0.01824122, 0.2122039, -0.19519985, 0.45877993, 0.33940646, -0.00160873, 0.47797477, 0.35485515, 0.18547142, 0.46468461, 0.33759686, 0.27193606, 0.31469223, 0.40407196, 0.22287548, 0.12456555, 0.37243214, -0.00164187, 0.10568473, 0.31860629, -0.22504842, 0.13125797, 0.35219303, -0.2772845, 0.31484121, 0.3966836, -0.02665532, 0.3492026, 0.29855922, 0.18645036, 0.71739733, -0.08511832, -0.00372732, 0.73656648, -0.22201504, -0.19396722, 0.71741164, -0.08519223, -0.12136447, 0.68640393, 0.13626526, 0.11374629, 0.68639439, 0.13631104, 0.23840773, 0.81551254, -0.09398904, 0.0034405, 0.83924145, -0.2631208, -0.23160398, 0.81558049, -0.09407379, -0.14190209, 0.77722901, 0.1795349, 0.14858067, 0.77718705, 0.17958687, 0.12019742, 0.89684951, -0.03933873, 0.00121129, 0.90895736, -0.12497296, -0.11781394, 0.89698732, -0.03936686, -0.07238948, 0.87748212, 0.09917483, 0.07470953, 0.87739652, 0.09919248, -0.00119483, 1.20386064, 0.04813657], 
    "materials": [],