{
    "uvs": [[0.0, -2.9802322387695312e-08, 0.0, 0.9999998807907104, 1.0, 0.9999998807907104, 1.0, -2.9802322387695312e-08, 0.0, -2.9802322387695312e-08, 1.0, -2.9802322387695312e-08, 1.0, 0.9999998807907104, 0.0, 0.9999998807907104, 0.010395318269729614, 0.1499999761581421, 0.02618268132209778, 0.1499999761581421, 0.02618268132209778, 0.1499999761581421, 0.010395318269729614, 0.1499999761581421, 0.02618268132209778, 0.8499999046325684, 0.010395318269729614, 0.8499999046325684, 0.02618268132209778, 0.8499999046325684, 0.010395318269729614, 0.8499999046325684]], 
    "faces": [41, 4, 7, 6, 5, 0, 1, 2, 3, 0, 1, 2, 3, 41, 0, 1, 2, 3, 4, 5, 6, 7, 4, 5, 6, 7, 41, 0, 4, 5, 1, 8, 9, 10, 11, 8, 9, 10, 11, 41, 1, 5, 6, 2, 11, 10, 12, 13, 12, 13, 14, 15, 41, 2, 6, 7, 3, 13, 12, 14, 15, 16, 17, 18, 19, 41, 3, 7, 4, 0, 15, 14, 9, 8, 20, 21, 22, 23], 
    "vertices": [-2.0, -3.5, 2.4e-07, 2.0, -3.5, 2.4e-07, 2.0, 3.5, 2.4e-07, -2.0, 3.5, 2.4e-07, -2.0, -3.5, -0.37003779, 2.0, -3.5, -0.37003779, 2.0, 3.5, -0.37003779, -2.0, 3.5, -0.37003779], 
    "materials": [], 
    "normals": [0.0, -0.99999988, 0.0, 0.0, -0.99999988, 0.0, 0.0, -0.99999988, 0.0, 0.0, -0.99999988, 0.0, 0.0, 0.99999988, 0.0, 0.0, 0.99999988, 0.0, 0.0, 0.99999988, 0.0, 0.0, 0.99999988, 0.0, 0.0, 0.0, 0.99999994, 0.0, 0.0, 0.99999994, 0.0, 0.0, 0.99999994, 0.0, 0.0, 0.99999994, 1.0, 0.0, 0.0, 1.0, 0.0, 0.0, 1.0, 0.0, 0.0, 1.0, 0.0, 0.0, 0.0, 0.0, -0.99999994, 0.0, 0.0, -0.99999994, 0.0, 0.0, -0.99999994, 0.0, 0.0, -0.99999994, -1.0, 0.0, 0.0, -1.0, 0.0, 0.0, -1.0, 0.0, 0.0, -1.0, 0.0, 0.0], 
    "metadata": {
        "formatVersion": 3.1, 
        "generatedBy": "Maya Exporter"
    }
}