{
    "uvs": [[0.005494475364685059, 0.33516478538513184, 0.1291208267211914, 0.33516478538513184, 0.1291208267211914, 0.44505488872528076, 0.005494475364685059, 0.44505488872528076, 0.24781543016433716, 0.33516478538513184, 0.3763735890388489, 0.33516478538513184, 0.3763735890388489, 0.44505488872528076, 0.24781543016433716, 0.44505488872528076, 0.4956212639808655, 0.33516478538513184, 0.6236263513565063, 0.33516478538513184, 0.6236263513565063, 0.44505488872528076, 0.4956212639808655, 0.44505488872528076, 0.7412519454956055, 0.33516478538513184, 0.870879054069519, 0.33516478538513184, 0.870879054069519, 0.44505488872528076, 0.7412519454956055, 0.44505488872528076, 0.9945054054260254, 0.33516478538513184, 0.9945054054260254, 0.44505488872528076, 0.1291208267211914, 0.5549449920654297, 0.005494475364685059, 0.5549449920654297, 0.3763735890388489, 0.5549449920654297, 0.2448858618736267, 0.5549449920654297, 0.6236263513565063, 0.5549449920654297, 0.4920279383659363, 0.5549449920654297, 0.870879054069519, 0.5549449920654297, 0.7390698194503784, 0.5549449920654297, 0.9945054054260254, 0.5549449920654297, 0.1291208267211914, 0.6648350954055786, 0.005494475364685059, 0.6648350954055786, 0.2448858618736267, 0.6648350954055786, 0.3763735890388489, 0.6648350954055786, 0.49202796816825867, 0.6648350954055786, 0.6236263513565063, 0.6648350954055786, 0.7390698194503784, 0.6648350954055786, 0.870879054069519, 0.6648350954055786, 0.9945054054260254, 0.6648350954055786, 0.24195635318756104, 0.44505488872528076, 0.24195635318756104, 0.33516478538513184, 0.48843467235565186, 0.44505488872528076, 0.48843467235565186, 0.33516478538513184, 0.7368876934051514, 0.44505488872528076, 0.7368876934051514, 0.33516478538513184]], 
    "faces": [41, 0, 1, 10, 9, 0, 1, 2, 3, 0, 1, 2, 3, 41, 2, 3, 12, 11, 4, 5, 6, 7, 4, 5, 6, 7, 41, 4, 5, 14, 13, 8, 9, 10, 11, 8, 9, 10, 11, 41, 6, 7, 16, 15, 12, 13, 14, 15, 12, 13, 14, 15, 41, 7, 8, 17, 16, 13, 16, 17, 14, 13, 16, 17, 14, 41, 9, 10, 19, 18, 3, 2, 18, 19, 3, 2, 18, 19, 41, 11, 12, 21, 20, 7, 6, 20, 21, 7, 6, 20, 21, 41, 13, 14, 23, 22, 11, 10, 22, 23, 11, 10, 22, 23, 41, 15, 16, 25, 24, 15, 14, 24, 25, 15, 14, 24, 25, 41, 16, 17, 26, 25, 14, 17, 26, 24, 14, 17, 26, 24, 41, 18, 19, 28, 27, 19, 18, 27, 28, 19, 18, 27, 28, 41, 20, 21, 30, 29, 21, 20, 30, 29, 21, 20, 29, 30, 41, 22, 23, 32, 31, 23, 22, 32, 31, 23, 22, 31, 32, 41, 24, 25, 34, 33, 25, 24, 34, 33, 25, 24, 33, 34, 41, 25, 26, 35, 34, 24, 26, 35, 34, 24, 26, 35, 33, 41, 19, 20, 29, 28, 18, 21, 29, 27, 18, 21, 30, 27, 41, 10, 36, 20, 19, 2, 36, 21, 18, 2, 36, 21, 18, 41, 1, 37, 36, 10, 1, 37, 36, 2, 1, 37, 36, 2, 41, 21, 22, 31, 30, 20, 23, 31, 30, 20, 23, 32, 29, 41, 12, 38, 22, 21, 6, 38, 23, 20, 6, 38, 23, 20, 41, 3, 39, 38, 12, 5, 39, 38, 6, 5, 39, 38, 6, 41, 23, 24, 33, 32, 22, 25, 33, 32, 22, 25, 34, 31, 41, 14, 40, 24, 23, 10, 40, 25, 22, 10, 40, 25, 22, 41, 5, 41, 40, 14, 9, 41, 40, 10, 9, 41, 40, 10], 
    "vertices": [-4.14960919, 1.79075744, 4.00467489, -3.22947427, 1.84941468, 3.65116321, -2.27449512, 1.91464175, 3.50927393, -1.23576897, 1.98284295, 3.81278793, -0.25369943, 2.05079463, 4.01492675, 0.74483171, 2.11371896, 3.77515169, 1.67402596, 2.17952418, 3.56924028, 2.73969882, 2.23779807, 3.67014691, 3.67702322, 2.29554667, 4.00231043, -3.9745231, 2.83292214, 3.91301179, -3.05268585, 2.86380049, 3.70280457, -2.14179826, 2.89650191, 3.64803995, -1.15712993, 2.93042378, 3.79790335, -0.2376567, 2.9640119, 3.89924125, 0.73393375, 2.99607104, 3.77803202, 1.63082936, 3.02964615, 3.67281546, 2.62792282, 3.0581245, 3.72859431, 3.55729697, 3.08738476, 3.9107621, -3.89393207, 3.84911104, 3.78850948, -2.96944052, 3.84925393, 3.77893172, -2.10362283, 3.84938776, 3.78301079, -1.12023248, 3.84953975, 3.78301079, -0.25525726, 3.84970063, 3.78427384, 0.72895928, 3.84982557, 3.78301079, 1.59234727, 3.84999335, 3.78174158, 2.57815091, 3.85011138, 3.78301079, 3.50261719, 3.85012453, 3.78850525, -3.89402023, 4.84118135, 3.78301079, -2.96942432, 4.80856527, 3.78301079, -2.10362283, 4.77802342, 3.78301079, -1.12023248, 4.7433334, 3.78301079, -0.25525865, 4.71282052, 3.78301079, 0.72895928, 4.67810139, 3.78301079, 1.59235565, 4.64764413, 3.78301079, 2.57815091, 4.61286938, 3.78301079, 3.50274683, 4.58025331, 3.78301079, -2.18750221, 2.89491638, 3.64165717, -2.32421759, 1.91133953, 3.50154693, -0.29914402, 2.96209087, 3.89409736, -0.32962551, 2.04617158, 4.00858026, 1.59337738, 3.02756541, 3.67052461, 1.62786786, 2.17503077, 3.56750715], 
    "materials": [{
        "opacity": 0.0, 
        "colorDiffuse": [0.4000000059604645, 0.4000000059604645, 0.4000000059604645], 
        "depthWrite": true, 
        "blending": "NormalBlending", 
        "shading": "Lambert", 
        "DbgName": "lambert1", 
        "transparent": true, 
        "depthTest": true, 
        "vertexColors": false
    }], 
    "normals": [0.29390436, 0.95530915, 0.03169595, 0.22556208, 0.97202879, 0.06543548, 0.14419171, 0.98772585, 0.06005372, 0.21885937, 0.97568429, 0.01186771, -0.21661049, 0.97548252, 0.03890588, -0.19654302, 0.980452, -0.00919664, -0.1321784, 0.99119359, -0.00801698, -0.15479678, 0.98674756, 0.04865431, 0.17703541, 0.98229957, -0.0612049, 0.17890005, 0.98382211, -0.00941998, 0.12270929, 0.99242771, -0.0054461, 0.1226216, 0.99048185, -0.0625264, -0.07103895, 0.99215955, 0.10282349, -0.16755889, 0.98394501, 0.06145029, -0.11276589, 0.99229717, 0.05128508, -0.04979692, 0.99347973, 0.10255862, -0.26479748, 0.96413177, 0.01822863, -0.19223715, 0.98132789, -0.00635277, 0.03950189, 0.99888337, 0.02591289, 0.06391379, 0.99792475, -0.00781746, -0.03402317, 0.9994207, -0.00084652, -0.01305911, 0.99896294, 0.04361892, 0.03214839, 0.99948186, -0.00162044, 0.00254711, 0.99941272, -0.03416867, -0.03206353, 0.99929637, 0.01945659, 0.00852795, 0.99899364, 0.04403302, -0.05445714, 0.99829668, -0.02093596, 0.00167126, 0.99999839, 0.00061296, 0.00519243, 0.99998629, -0.00072767, -0.00032125, 0.99999988, -0.00032188, -0.0011686, 0.99999875, 0.00105484, 0.00068448, 0.9999997, -6.499e-05, -1.55e-05, 0.99999976, -0.00073315, -0.0016963, 0.99999779, -0.00126174, 1.558e-05, 0.99999964, 0.00079738, -0.00290655, 0.99998891, -0.00368064, 0.07638065, 0.9905107, 0.1142564, 0.12334431, 0.9857983, 0.11396474, -0.11202041, 0.9908905, -0.07474887, -0.166881, 0.98288655, -0.07800573, 0.1243313, 0.99030787, 0.06190233, 0.1805521, 0.98201418, 0.05521868], 
    "metadata": {
        "formatVersion": 3.1, 
        "generatedBy": "Maya Exporter"
    }
}