{
    "uvs": [[0.005494475364685059, 0.33516478538513184, 0.1291208267211914, 0.33516478538513184, 0.1291208267211914, 0.44505488872528076, 0.005494475364685059, 0.44505488872528076, 0.24781543016433716, 0.33516478538513184, 0.3763735890388489, 0.33516478538513184, 0.3763735890388489, 0.44505488872528076, 0.24781543016433716, 0.44505488872528076, 0.4956212639808655, 0.33516478538513184, 0.6236263513565063, 0.33516478538513184, 0.6236263513565063, 0.44505488872528076, 0.4956212639808655, 0.44505488872528076, 0.7412519454956055, 0.33516478538513184, 0.870879054069519, 0.33516478538513184, 0.870879054069519, 0.44505488872528076, 0.7412519454956055, 0.44505488872528076, 0.9945054054260254, 0.33516478538513184, 0.9945054054260254, 0.44505488872528076, 0.1291208267211914, 0.5549449920654297, 0.005494475364685059, 0.5549449920654297, 0.3763735890388489, 0.5549449920654297, 0.2448858618736267, 0.5549449920654297, 0.6236263513565063, 0.5549449920654297, 0.4920279383659363, 0.5549449920654297, 0.870879054069519, 0.5549449920654297, 0.7390698194503784, 0.5549449920654297, 0.9945054054260254, 0.5549449920654297, 0.1291208267211914, 0.6648350954055786, 0.005494475364685059, 0.6648350954055786, 0.2448858618736267, 0.6648350954055786, 0.3763735890388489, 0.6648350954055786, 0.49202796816825867, 0.6648350954055786, 0.6236263513565063, 0.6648350954055786, 0.7390698194503784, 0.6648350954055786, 0.870879054069519, 0.6648350954055786, 0.9945054054260254, 0.6648350954055786, 0.24195635318756104, 0.44505488872528076, 0.24195635318756104, 0.33516478538513184, 0.48843467235565186, 0.44505488872528076, 0.48843467235565186, 0.33516478538513184, 0.7368876934051514, 0.44505488872528076, 0.7368876934051514, 0.33516478538513184]], 
    "faces": [41, 0, 1, 10, 9, 0, 1, 2, 3, 0, 1, 2, 3, 41, 2, 3, 12, 11, 4, 5, 6, 7, 4, 5, 6, 7, 41, 4, 5, 14, 13, 8, 9, 10, 11, 8, 9, 10, 11, 41, 6, 7, 16, 15, 12, 13, 14, 15, 12, 13, 14, 15, 41, 7, 8, 17, 16, 13, 16, 17, 14, 13, 16, 17, 14, 41, 9, 10, 19, 18, 3, 2, 18, 19, 3, 2, 18, 19, 41, 11, 12, 21, 20, 7, 6, 20, 21, 7, 6, 20, 21, 41, 13, 14, 23, 22, 11, 10, 22, 23, 11, 10, 22, 23, 41, 15, 16, 25, 24, 15, 14, 24, 25, 15, 14, 24, 25, 41, 16, 17, 26, 25, 14, 17, 26, 24, 14, 17, 26, 24, 41, 18, 19, 28, 27, 19, 18, 27, 28, 19, 18, 27, 28, 41, 20, 21, 30, 29, 21, 20, 30, 29, 21, 20, 29, 30, 41, 22, 23, 32, 31, 23, 22, 32, 31, 23, 22, 31, 32, 41, 24, 25, 34, 33, 25, 24, 34, 33, 25, 24, 33, 34, 41, 25, 26, 35, 34, 24, 26, 35, 34, 24, 26, 35, 33, 41, 19, 20, 29, 28, 18, 21, 29, 27, 18, 21, 30, 27, 41, 10, 36, 20, 19, 2, 36, 21, 18, 2, 36, 21, 18, 41, 1, 37, 36, 10, 1, 37, 36, 2, 1, 37, 36, 2, 41, 21, 22, 31, 30, 20, 23, 31, 30, 20, 23, 32, 29, 41, 12, 38, 22, 21, 6, 38, 23, 20, 6, 38, 23, 20, 41, 3, 39, 38, 12, 5, 39, 38, 6, 5, 39, 38, 6, 41, 23, 24, 33, 32, 22, 25, 33, 32, 22, 25, 34, 31, 41, 14, 40, 24, 23, 10, 40, 25, 22, 10, 40, 25, 22, 41, 5, 41, 40, 14, 9, 41, 40, 10, 9, 41, 40, 10], 
    "vertices": [-4.33278424, 1.71540593, 3.56517671, -3.391396, 1.83184095, 3.88699366, -2.13207152, 2.0188744, 4.39114195, -1.13066297, 1.99571879, 3.99823229, -0.08274132, 2.05296704, 3.48412887, 0.81062107, 2.15865153, 3.66186121, 2.01063345, 2.26727597, 4.18396593, 2.97351288, 2.38702399, 4.12924966, 3.831388, 2.46105687, 3.69830437, -3.99355472, 2.80298879, 3.67638047, -3.11676663, 2.8657646, 3.84602441, -2.10952785, 2.94154345, 4.04527885, -1.14737084, 2.94220648, 3.84543698, -0.11663355, 2.99075723, 3.47542914, 0.78742742, 3.02475418, 3.65626148, 1.7900722, 3.05301342, 3.97640587, 2.74542242, 3.13380584, 3.88491384, 3.54745981, 3.19995562, 3.67727231, -3.89318829, 3.84986958, 3.75506436, -2.99817114, 3.84945083, 3.80416314, -2.10658777, 3.85726427, 3.87640609, -1.13445861, 3.85539649, 3.79614028, -0.21256054, 3.85515874, 3.68632984, 0.73291196, 3.85714486, 3.72695996, 1.63062982, 3.85002668, 3.78534053, 2.61564285, 3.86566064, 3.76182953, 3.43582333, 3.86458439, 3.64397519, -3.89402023, 4.84118135, 3.78301079, -2.96942432, 4.80856527, 3.78301079, -2.10362283, 4.77802342, 3.78301079, -1.12023248, 4.7433334, 3.78301079, -0.25525865, 4.71282052, 3.78301079, 0.72895928, 4.67810139, 3.78301079, 1.59235565, 4.64764413, 3.78301079, 2.57815091, 4.61286938, 3.78301079, 3.50274683, 4.58025331, 3.78301079, -2.21306232, 2.96739878, 4.11346842, -2.45740485, 1.99337197, 4.34864945, -0.33344306, 2.95720934, 3.5777959, -0.39575336, 2.04034169, 3.49869691, 1.68203773, 3.09863509, 3.92400958, 1.76365791, 2.29302215, 4.16859887], 
    "materials": [{
        "opacity": 0.0, 
        "colorDiffuse": [0.4000000059604645, 0.4000000059604645, 0.4000000059604645], 
        "depthWrite": true, 
        "blending": "NormalBlending", 
        "shading": "Lambert", 
        "DbgName": "lambert1", 
        "transparent": true, 
        "depthTest": true, 
        "vertexColors": false
    }], 
    "normals": [-0.26478425, 0.96326989, -0.04472549, -0.31440857, 0.94228792, -0.11506831, -0.25447288, 0.96023637, -0.11484712, -0.2086837, 0.97766149, -0.0250819, 0.28266791, 0.92702252, -0.24643086, 0.35404181, 0.92252135, -0.15365098, 0.27195609, 0.95754766, -0.09561589, 0.21992934, 0.95722616, -0.18801349, -0.19575122, 0.98065221, -0.00157889, -0.2929121, 0.9545809, -0.05456961, -0.22930159, 0.97334123, 0.00525325, -0.15582897, 0.98410821, 0.08513706, 0.04205939, 0.95491356, -0.29388958, 0.18573147, 0.93981779, -0.28678644, 0.13972002, 0.9612295, -0.23773119, 0.04497552, 0.96737033, -0.24934258, 0.32511973, 0.90518999, -0.27373031, 0.27128223, 0.93675488, -0.2211244, -0.09794518, 0.99353701, -0.05736668, -0.07663794, 0.997051, 0.00398709, 0.11451293, 0.99313194, -0.02399421, -0.00669446, 0.99487686, -0.10087292, -0.08617488, 0.99361581, 0.07281092, 0.03237804, 0.99536937, 0.09050579, 0.06988374, 0.99565029, -0.06161639, -0.0412697, 0.99807221, -0.04635384, 0.12725978, 0.99177414, -0.01374678, -0.03338355, 0.99905133, -0.02796402, -0.0270293, 0.99962991, 0.00309525, 0.05063013, 0.9986698, -0.00975837, 0.00148012, 0.99820173, -0.05992508, -0.02767086, 0.99748546, 0.06524593, 0.02042495, 0.99745655, 0.06828728, 0.03475677, 0.99792963, 0.05411493, -0.01148426, 0.99966788, 0.02306621, 0.06487159, 0.99181992, 0.10993092, -0.28529558, 0.93852299, -0.19437298, -0.38692272, 0.89472777, -0.22305405, 0.3245832, 0.94576144, 0.0134521, 0.44296324, 0.89620203, -0.02460432, -0.30299544, 0.94991076, -0.07657167, -0.394849, 0.9119277, -0.11172279], 
    "metadata": {
        "formatVersion": 3.1, 
        "generatedBy": "Maya Exporter"
    }
}