{
    "uvs": [[0.4968704581260681, 0.734796404838562, 0.26620832085609436, 0.734796404838562, 0.4968704581260681, 0.2640793025493622, 0.030494481325149536, 0.05208849906921387, 0.4968704581260681, 0.2640793025493622, 0.26620832085609436, 0.05208849906921387, 0.26620832085609436, 0.2640793025493622, 0.26620832085609436, 0.2640793025493622, 0.26620832085609436, 0.2640793025493622, 0.030494481325149536, 0.2640793025493622, 0.26620832085609436, 0.9504139423370361, 0.4968704581260681, 0.734796404838562, 0.030494481325149536, 0.9504139423370361, 0.26620832085609436, 0.734796404838562, 0.26620832085609436, 0.734796404838562, 0.030494481325149536, 0.734796404838562, 0.030494481325149536, 0.734796404838562]], 
    "faces": [41, 0, 1, 3, 2, 9, 6, 14, 15, 0, 1, 2, 3, 41, 2, 3, 5, 4, 15, 14, 10, 12, 4, 5, 6, 7, 41, 4, 5, 7, 6, 1, 11, 4, 7, 8, 9, 10, 11, 41, 6, 7, 1, 0, 3, 5, 6, 9, 12, 13, 14, 15, 41, 1, 7, 5, 3, 6, 2, 0, 14, 16, 17, 18, 19, 41, 6, 0, 2, 4, 8, 9, 16, 13, 20, 21, 22, 23], 
    "vertices": [4.1566972, 2.67659791, 3.2322076, 5.020734, 2.67659791, 3.2322076, 4.1566972, 4.40467041, 3.2322076, 5.020734, 4.40467041, 3.2322076, 4.1566972, 4.40467041, 2.36817162, 5.020734, 4.40467041, 2.36817162, 4.1566972, 2.67659791, 2.36817162, 5.020734, 2.67659791, 2.36817162], 
    "materials": [], 
    "normals": [0.0, 0.0, 1.0, 0.0, 0.0, 1.0, 0.0, 0.0, 1.0, 0.0, 0.0, 1.0, 0.0, 0.99999994, 0.0, 0.0, 0.99999994, 0.0, 0.0, 0.99999994, 0.0, 0.0, 0.99999994, 0.0, 0.0, 0.0, -1.0, 0.0, 0.0, -1.0, 0.0, 0.0, -1.0, 0.0, 0.0, -1.0, 0.0, -0.99999994, 0.0, 0.0, -0.99999994, 0.0, 0.0, -0.99999994, 0.0, 0.0, -0.99999994, 0.0, 0.99999994, 0.0, 0.0, 0.99999994, 0.0, 0.0, 0.99999994, 0.0, 0.0, 0.99999994, 0.0, 0.0, -0.99999994, 0.0, 0.0, -0.99999994, 0.0, 0.0, -0.99999994, 0.0, 0.0, -0.99999994, 0.0, 0.0], 
    "metadata": {
        "formatVersion": 3.1, 
        "generatedBy": "Maya Exporter"
    }
}