{
    "uvs": [[0.009419500827789307, 0.12248778343200684, 0.9842479228973389, 0.13156569004058838, 0.9816790819168091, 0.13156569004058838, 0.010526120662689209, 0.11561722308397293, 0.9928039312362671, 0.172506183385849, 0.006364881992340088, 0.1896359622478485, 0.9723898768424988, 0.2370869219303131, 0.01997673511505127, 0.34375059604644775, 0.9406006336212158, 0.33253395557403564, 0.8978991508483887, 0.4484729766845703, 0.0356447696685791, 0.46240007877349854, 0.8978526592254639, 0.553225040435791, 0.03565514087677002, 0.540744423866272, 0.017896175384521484, 0.6801990866661072, 0.9379928112030029, 0.6686886548995972, 0.972398042678833, 0.7405069470405579, 0.9924046993255615, 0.8271455764770508, 0.00653684139251709, 0.8108091354370117, 0.9844740629196167, 0.875909686088562, 0.009322047233581543, 0.8843827247619629, 0.9870429039001465, 0.875909686088562, 0.008215487003326416, 0.8775120973587036, 0.9949735403060913, 0.8271455764770508, 0.004799187183380127, 0.8125796318054199, 0.9749636650085449, 0.7371396422386169, 0.015210329554975033, 0.6738423705101013, 0.940500020980835, 0.6579501628875732, 0.9016412496566772, 0.5468096733093262, 0.03322649002075195, 0.536635160446167, 0.901687741279602, 0.45505332946777344, 0.033215999603271484, 0.4665437936782837, 0.017834782600402832, 0.35268133878707886, 0.9431078433990479, 0.3433723449707031, 0.9749533534049988, 0.24045434594154358, 0.9953727722167969, 0.172506183385849, 0.004627227783203125, 0.1878654658794403]], 
    "faces": [41, 0, 1, 3, 2, 0, 1, 2, 3, 0, 1, 2, 3, 41, 2, 3, 5, 4, 3, 2, 4, 5, 4, 5, 6, 7, 41, 4, 5, 7, 6, 5, 4, 6, 7, 7, 6, 8, 9, 40, 6, 7, 8, 7, 6, 8, 9, 8, 10, 41, 6, 8, 33, 32, 7, 8, 9, 10, 9, 10, 11, 12, 41, 29, 28, 32, 33, 11, 12, 10, 9, 13, 14, 12, 11, 40, 9, 10, 11, 13, 14, 15, 15, 16, 17, 41, 9, 11, 13, 12, 13, 15, 16, 17, 15, 17, 18, 19, 41, 12, 13, 15, 14, 17, 16, 18, 19, 19, 18, 20, 21, 41, 14, 15, 17, 16, 19, 18, 20, 21, 22, 23, 24, 25, 41, 16, 17, 19, 18, 21, 20, 22, 23, 26, 27, 28, 29, 41, 18, 19, 21, 20, 23, 22, 24, 25, 29, 28, 30, 31, 40, 20, 21, 22, 25, 24, 26, 31, 30, 32, 41, 20, 22, 31, 30, 25, 26, 27, 28, 31, 32, 33, 34, 41, 35, 34, 30, 31, 29, 30, 28, 27, 35, 36, 34, 33, 40, 23, 24, 25, 31, 32, 33, 37, 38, 39, 41, 23, 25, 27, 26, 31, 33, 34, 35, 37, 39, 40, 41, 41, 26, 27, 1, 0, 35, 34, 1, 0, 41, 40, 42, 43, 41, 19, 17, 15, 13, 22, 20, 18, 16, 44, 45, 46, 47, 41, 21, 19, 13, 11, 24, 22, 16, 15, 48, 44, 47, 49, 41, 22, 21, 11, 10, 26, 24, 15, 14, 50, 48, 49, 51, 41, 24, 35, 33, 8, 32, 29, 9, 8, 52, 53, 54, 55, 41, 25, 24, 8, 7, 33, 32, 8, 6, 56, 52, 55, 57, 41, 27, 25, 7, 5, 34, 33, 6, 4, 58, 56, 57, 59, 41, 1, 27, 5, 3, 1, 34, 4, 2, 60, 58, 59, 61, 41, 16, 18, 12, 14, 21, 23, 17, 19, 62, 63, 64, 65, 41, 18, 20, 9, 12, 23, 25, 13, 17, 63, 66, 67, 64, 41, 20, 30, 28, 9, 25, 28, 12, 13, 66, 68, 69, 67, 41, 23, 26, 4, 6, 31, 35, 5, 7, 70, 71, 72, 73, 41, 26, 0, 2, 4, 35, 0, 3, 5, 71, 74, 75, 72, 41, 28, 29, 10, 9, 12, 11, 14, 13, 14, 13, 16, 15, 41, 29, 31, 22, 10, 11, 27, 26, 14, 76, 77, 50, 51, 41, 28, 30, 34, 32, 12, 28, 30, 10, 69, 68, 78, 79, 41, 34, 35, 24, 23, 30, 29, 32, 31, 36, 35, 38, 37, 41, 29, 33, 35, 31, 11, 9, 29, 27, 76, 54, 53, 77, 41, 32, 34, 23, 6, 10, 30, 31, 7, 79, 78, 70, 73], 
    "vertices": [-4.77102947, 5.42269993, 3.61683559, 4.49412823, 5.1907835, 3.53055573, -4.76051235, 5.49061966, 3.68213654, 4.46971321, 5.39639854, 3.53055573, -4.80006218, 5.23521328, 2.45812178, 4.57544899, 4.99537468, 2.62093019, -4.67068958, 6.07067966, 1.16685843, 4.38142586, 5.73124599, 1.3626864, 4.05450153, 6.97117615, 0.85210037, -4.69046307, 5.94298363, -1.4112258, 4.05450153, 6.97117615, -0.83088779, 4.38150311, 5.87150288, -1.38954759, -4.79842758, 5.24577045, -2.4790926, 4.57165337, 5.00976753, -2.63436127, -4.77195549, 5.41671944, -3.62451744, 4.49627876, 5.29564476, -3.54398632, -4.78247261, 5.34879971, -3.5592165, 4.52069378, 5.09003067, -3.54398632, -4.81494236, 5.08755398, -2.49592066, 4.59606838, 4.75259018, -2.63436127, -4.71599102, 5.66474533, -1.29989171, 4.4058876, 5.55262566, -1.30662489, 4.07833195, 6.76778316, -0.72882462, -4.69104767, 5.87627029, 1.00651479, 4.07833195, 6.76778316, 0.74908781, 4.40579033, 5.4628849, 1.25521874, -4.81657791, 5.07846546, 2.47494984, 4.59986401, 4.73966599, 2.62093019, -4.52167511, 7.03299046, -0.35844266, 3.67299366, 8.41812801, -0.47706318, -4.5447588, 6.88392067, -0.31938624, 3.70900154, 8.16854477, -0.41608918, -4.52177429, 7.03235149, 0.38617384, 3.67343616, 8.4164505, 0.51854229, -4.54485798, 6.88328171, 0.34679019, 3.70944405, 8.16686821, 0.45599997], 
    "materials": [], 
    "normals": [0.00842255, -0.23179166, 0.97272897, 0.00842255, -0.23179168, 0.97272897, 0.00842255, -0.23179168, 0.97272903, 0.00842255, -0.23179166, 0.97272897, 0.01733811, 0.95579576, -0.29351985, 0.01733811, 0.95579565, -0.29351982, 0.01852365, 0.9834103, 0.18044701, 0.01850856, 0.98203754, 0.18777585, 0.01152555, 0.76382738, 0.64531773, -0.00940107, 0.69685513, 0.71715021, -0.03069524, 0.40200326, 0.91512352, -0.10692341, 0.73675692, 0.66765004, -0.1044902, 0.72448969, 0.68131971, -0.1004524, 0.75507575, -0.64789641, -0.09840546, 0.74569893, -0.6589762, -0.01406891, 0.69224995, -0.72152054, -0.02736188, 0.47232795, -0.88099802, 0.00897434, 0.75335175, -0.65755659, 0.01538655, 0.97286814, -0.23084809, 0.01526833, 0.97076172, -0.23955891, 0.01956825, 0.97608387, 0.21651208, 0.01956825, 0.97608382, 0.21651208, 0.00026637, -0.23219301, -0.97266972, 0.00026637, -0.23219301, -0.97266966, 0.00026637, -0.23219299, -0.97266966, 0.00026637, -0.23219299, -0.97266966, -0.0322563, -0.95660931, -0.28958294, -0.0322563, -0.95660919, -0.28958294, -0.02581721, -0.98713338, 0.15780102, -0.02562132, -0.9856078, 0.16709486, -0.01461044, -0.78986859, 0.61310202, 0.00601957, -0.71591461, 0.69816184, 0.02188076, -0.43672717, 0.89932793, 0.08563808, -0.7098462, 0.69913125, 0.08382697, -0.70040381, 0.70880711, 0.09326969, -0.6899271, -0.7178449, 0.09099185, -0.67687798, -0.73044968, -0.00066136, -0.71599156, -0.69810855, 0.02671601, -0.3627651, -0.93149751, -0.01823684, -0.79255682, -0.6095252, -0.03001493, -0.99009007, -0.13718885, -0.02996251, -0.98904979, -0.14450821, -0.02963259, -0.93226486, 0.36056083, -0.02963259, -0.93226492, 0.36056086, 0.99441379, 0.09966985, 0.03474253, 0.99340832, 0.10481732, -0.04640459, 0.99340814, 0.1048173, -0.04640459, 0.99410558, 0.09903121, 0.04412458, 0.98771149, 0.11012804, 0.1108954, 0.97784197, 0.13565661, 0.15944371, 0.96104872, 0.17258179, 0.21587254, 0.95826328, 0.1901373, 0.21349265, 0.96573442, 0.18287611, -0.18415582, 0.97669488, 0.17814578, -0.11971328, 0.9862079, 0.15778726, -0.04997098, 0.95937508, 0.19618177, -0.20276155, 0.98627371, 0.12576109, -0.1069972, 0.98004961, 0.14627309, -0.13456158, 0.99363112, 0.10830937, -0.03108262, 0.99353117, 0.10838868, -0.0338779, 0.99226707, 0.10502771, 0.06614619, 0.99226701, 0.1050277, 0.06614618, -0.99301112, 0.11797144, -0.0034154, -0.99389672, 0.1086424, 0.01913181, -0.99401754, 0.10646835, 0.02436223, -0.99301106, 0.11797143, -0.0034154, -0.99336052, 0.11093424, 0.03047039, -0.99294674, 0.11489579, 0.02925174, -0.99139768, 0.12919474, 0.02096247, -0.99108869, 0.13189979, 0.01859015, -0.99219888, 0.12278796, -0.0215534, -0.99319911, 0.11570536, -0.01295396, -0.99320233, 0.11513849, -0.01709777, -0.99210644, 0.12357331, -0.02131499, -0.99296856, 0.11823821, 0.00574829, -0.99296856, 0.11823821, 0.00574829, 0.98623961, 0.15758318, 0.04999091, 0.97700381, 0.17716597, 0.11864132, -0.99002057, 0.14033549, -0.01285178, -0.98972565, 0.14258718, -0.01057572], 
    "metadata": {
        "formatVersion": 3.1, 
        "generatedBy": "Maya Exporter"
    }
}