{
    "uvs": [[0.003907000180333853, 0.0039059999398887157, 0.10221199691295624, 0.003907000180333853, 0.10221099853515625, 0.9952890276908875, 0.0039059999398887157, 0.9952890276908875, 0.20051699876785278, 0.003907000180333853, 0.2005160003900528, 0.9952890276908875, 0.29882198572158813, 0.0039059999398887157, 0.29882100224494934, 0.9952899813652039, 0.3971270024776459, 0.0039059999398887157, 0.3971259891986847, 0.9952899813652039, 0.4954319894313812, 0.0039059999398887157, 0.49543100595474243, 0.9952899813652039, 0.593737006187439, 0.0039059999398887157, 0.5937359929084778, 0.9952899813652039, 0.6920419931411743, 0.003907000180333853, 0.6920409798622131, 0.9952899813652039, 0.7903469800949097, 0.003907000180333853, 0.7903469800949097, 0.9952899813652039, 0.8886520266532898, 0.003907000180333853, 0.8886510133743286, 0.9952890276908875, 0.9869570136070251, 0.0039059999398887157, 0.986956000328064, 0.9952899813652039]], 
    "faces": [41, 0, 1, 12, 11, 0, 1, 2, 3, 0, 1, 2, 3, 41, 1, 2, 13, 12, 1, 4, 5, 2, 4, 5, 6, 7, 41, 2, 3, 14, 13, 4, 6, 7, 5, 8, 9, 10, 11, 41, 3, 4, 15, 14, 6, 8, 9, 7, 12, 13, 14, 15, 41, 4, 5, 16, 15, 8, 10, 11, 9, 16, 17, 18, 19, 41, 5, 6, 17, 16, 10, 12, 13, 11, 20, 21, 22, 23, 41, 6, 7, 18, 17, 12, 14, 15, 13, 24, 25, 26, 27, 41, 7, 8, 19, 18, 14, 16, 17, 15, 28, 29, 30, 31, 41, 8, 9, 20, 19, 16, 18, 19, 17, 32, 33, 34, 35, 41, 9, 10, 21, 20, 18, 20, 21, 19, 36, 37, 38, 39], 
    "vertices": [0.44976411, 1.5361794, -0.42486061, 0.55390793, 1.5321368, -0.18592253, 0.54406236, 1.52622952, 0.07450367, 0.42217586, 1.51962683, 0.30483708, 0.21238933, 1.51363643, 0.45945835, -0.04374417, 1.50944424, 0.50774265, -0.29549597, 1.50788078, 0.4401256, -0.49300353, 1.50925584, 0.27000164, -0.59714799, 1.51329785, 0.03106311, -0.58730167, 1.5192051, -0.22936193, -0.46541531, 1.52580874, -0.4596964, 0.4817686, -1.09186415, -0.48326507, 0.58591303, -1.09590559, -0.24432732, 0.57606681, -1.1018137, 0.01609887, 0.45418047, -1.10841728, 0.24643307, 0.2443947, -1.11440801, 0.40105362, -0.01173883, -1.1186001, 0.44933802, -0.26349141, -1.12016319, 0.3817214, -0.46099896, -1.11878795, 0.21159728, -0.56514345, -1.11474615, -0.02734111, -0.55529716, -1.10883784, -0.28776713, -0.43341069, -1.10223518, -0.51810056], 
    "materials": [], 
    "normals": [-0.87395787, 0.43535805, 0.2160117, -0.87395781, 0.43535805, 0.21601169, -0.87395787, 0.43535808, 0.21601172, -0.87395793, 0.43535808, 0.2160117, -0.72229302, 0.68055987, -0.1230086, -0.72229296, 0.68055987, -0.1230086, -0.72229302, 0.68055987, -0.1230086, -0.72229296, 0.68055987, -0.12300859, -0.42756987, 0.79096866, -0.43766743, -0.4275699, 0.7909686, -0.43766743, -0.4275699, 0.7909686, -0.43766743, -0.42756987, 0.79096854, -0.4376674, -0.0481564, 0.74471635, -0.66564137, -0.0481564, 0.74471641, -0.66564149, -0.0481564, 0.74471635, -0.66564137, -0.0481564, 0.74471635, -0.66564137, 0.34078568, 0.5509665, -0.76177484, 0.34078571, 0.5509665, -0.76177484, 0.34078571, 0.55096656, -0.7617749, 0.34078571, 0.55096656, -0.7617749, 0.66224021, 0.24808618, -0.70702994, 0.66224021, 0.24808618, -0.70702988, 0.66224015, 0.24808617, -0.70702988, 0.66224015, 0.24808618, -0.70702988, 0.85252434, -0.10392536, -0.51225156, 0.8525244, -0.10392538, -0.51225162, 0.85252446, -0.10392538, -0.51225162, 0.85252434, -0.10392537, -0.51225156, 0.87395835, -0.43535691, -0.21601199, 0.87395841, -0.43535691, -0.216012, 0.87395835, -0.43535691, -0.21601197, 0.87395841, -0.43535694, -0.21601202, 0.72229201, -0.68056059, 0.12300991, 0.72229207, -0.68056065, 0.12300992, 0.72229201, -0.68056059, 0.12300991, 0.72229195, -0.68056059, 0.12300991, 0.42756939, -0.79096889, 0.43766734, 0.42756939, -0.79096889, 0.43766737, 0.42756939, -0.79096889, 0.43766737, 0.42756933, -0.79096889, 0.43766731], 
    "metadata": {
        "formatVersion": 3.1, 
        "generatedBy": "Maya Exporter"
    }
}