{
    "uvs": [[0.375, 0.3125, 0.4583333432674408, 0.3125, 0.4583333432674408, 0.6884398460388184, 0.375, 0.6884398460388184, 0.5416666865348816, 0.3125, 0.5416666865348816, 0.6884398460388184, 0.625, 0.3125, 0.625, 0.6884398460388184, 0.421875, 0.2915664613246918, 0.421875, 0.02093350887298584, 0.5, 0.15000000596046448, 0.65625, 0.15625, 0.421875, 0.9790664911270142, 0.421875, 0.7084335088729858, 0.5, 0.8374999761581421, 0.65625, 0.84375, 0.6443561911582947, 0.09645579755306244, 0.6104854941368103, 0.045764632523059845, 0.5597943663597107, 0.011893868446350098, 0.5000000596046448, 1.4901161193847656e-08, 0.44020578265190125, 0.011893793940544128, 0.38951462507247925, 0.04576452076435089, 0.3556438386440277, 0.0964556634426117, 0.34375, 0.15624994039535522, 0.3556438088417053, 0.21604424715042114, 0.3895145356655121, 0.26673540472984314, 0.4402056932449341, 0.3006061613559723, 0.4999999701976776, 0.3125, 0.5597942471504211, 0.3006061911582947, 0.6104854345321655, 0.2667354345321655, 0.6443561911582947, 0.21604429185390472, 0.65625, 0.15625, 0.375, 0.3125, 0.390625, 0.3125, 0.40625, 0.3125, 0.421875, 0.3125, 0.4375, 0.3125, 0.453125, 0.3125, 0.46875, 0.3125, 0.484375, 0.3125, 0.5, 0.3125, 0.515625, 0.3125, 0.53125, 0.3125, 0.546875, 0.3125, 0.5625, 0.3125, 0.578125, 0.3125, 0.59375, 0.3125, 0.609375, 0.3125, 0.625, 0.3125, 0.375, 0.6884398460388184, 0.390625, 0.6884398460388184, 0.40625, 0.6884398460388184, 0.421875, 0.6884398460388184, 0.4375, 0.6884398460388184, 0.453125, 0.6884398460388184, 0.46875, 0.6884398460388184, 0.484375, 0.6884398460388184, 0.5, 0.6884398460388184, 0.515625, 0.6884398460388184, 0.53125, 0.6884398460388184, 0.546875, 0.6884398460388184, 0.5625, 0.6884398460388184, 0.578125, 0.6884398460388184, 0.59375, 0.6884398460388184, 0.609375, 0.6884398460388184, 0.625, 0.6884398460388184, 0.6443561911582947, 0.7839558124542236, 0.6104854941368103, 0.7332646250724792, 0.5597943663597107, 0.6993938684463501, 0.5000000596046448, 0.6875, 0.44020578265190125, 0.6993938088417053, 0.38951462507247925, 0.7332645058631897, 0.3556438386440277, 0.7839556932449341, 0.34375, 0.8437499403953552, 0.3556438088417053, 0.9035442471504211, 0.3895145356655121, 0.9542354345321655, 0.4402056932449341, 0.9881061315536499, 0.4999999701976776, 1.0, 0.5597942471504211, 0.9881061911582947, 0.6104854345321655, 0.9542354345321655, 0.6443561911582947, 0.9035443067550659, 0.65625, 0.84375, 0.5, 0.15000000596046448, 0.5, 0.8374999761581421]], 
    "faces": [41, 0, 1, 4, 3, 0, 1, 2, 3, 0, 1, 2, 3, 41, 1, 2, 5, 4, 1, 4, 5, 2, 4, 5, 6, 7, 41, 2, 0, 3, 5, 4, 6, 7, 5, 8, 9, 10, 11, 40, 1, 0, 6, 8, 9, 10, 12, 13, 14, 40, 2, 1, 6, 11, 8, 10, 15, 12, 14, 40, 0, 2, 6, 9, 11, 10, 13, 15, 14, 40, 3, 4, 7, 12, 13, 14, 16, 17, 18, 40, 4, 5, 7, 13, 15, 14, 17, 19, 18, 40, 5, 3, 7, 15, 12, 14, 19, 16, 18, 41, 8, 9, 25, 24, 32, 33, 50, 49, 20, 21, 22, 23, 41, 9, 10, 26, 25, 33, 34, 51, 50, 21, 24, 25, 22, 41, 10, 11, 27, 26, 34, 35, 52, 51, 24, 26, 27, 25, 41, 11, 12, 28, 27, 35, 36, 53, 52, 26, 28, 29, 27, 41, 12, 13, 29, 28, 36, 37, 54, 53, 28, 30, 31, 29, 41, 13, 14, 30, 29, 37, 38, 55, 54, 30, 32, 33, 31, 41, 14, 15, 31, 30, 38, 39, 56, 55, 32, 34, 35, 33, 41, 15, 16, 32, 31, 39, 40, 57, 56, 34, 36, 37, 35, 41, 16, 17, 33, 32, 40, 41, 58, 57, 36, 38, 39, 37, 41, 17, 18, 34, 33, 41, 42, 59, 58, 38, 40, 41, 39, 41, 18, 19, 35, 34, 42, 43, 60, 59, 40, 42, 43, 41, 41, 19, 20, 36, 35, 43, 44, 61, 60, 42, 44, 45, 43, 41, 20, 21, 37, 36, 44, 45, 62, 61, 44, 46, 47, 45, 41, 21, 22, 38, 37, 45, 46, 63, 62, 46, 48, 49, 47, 41, 22, 23, 39, 38, 46, 47, 64, 63, 48, 50, 51, 49, 41, 23, 8, 24, 39, 47, 48, 65, 64, 50, 20, 23, 51, 40, 9, 8, 40, 17, 16, 82, 52, 53, 54, 40, 10, 9, 40, 18, 17, 82, 55, 52, 54, 40, 11, 10, 40, 19, 18, 82, 56, 55, 54, 40, 12, 11, 40, 20, 19, 82, 57, 56, 54, 40, 13, 12, 40, 21, 20, 82, 58, 57, 54, 40, 14, 13, 40, 22, 21, 82, 59, 58, 54, 40, 15, 14, 40, 23, 22, 82, 60, 59, 54, 40, 16, 15, 40, 24, 23, 82, 61, 60, 54, 40, 17, 16, 40, 25, 24, 82, 62, 61, 54, 40, 18, 17, 40, 26, 25, 82, 63, 62, 54, 40, 19, 18, 40, 27, 26, 82, 64, 63, 54, 40, 20, 19, 40, 28, 27, 82, 65, 64, 54, 40, 21, 20, 40, 29, 28, 82, 66, 65, 54, 40, 22, 21, 40, 30, 29, 82, 67, 66, 54, 40, 23, 22, 40, 31, 30, 82, 68, 67, 54, 40, 8, 23, 40, 16, 31, 82, 53, 68, 54, 40, 24, 25, 41, 80, 79, 83, 69, 70, 71, 40, 25, 26, 41, 79, 78, 83, 70, 72, 71, 40, 26, 27, 41, 78, 77, 83, 72, 73, 71, 40, 27, 28, 41, 77, 76, 83, 73, 74, 71, 40, 28, 29, 41, 76, 75, 83, 74, 75, 71, 40, 29, 30, 41, 75, 74, 83, 75, 76, 71, 40, 30, 31, 41, 74, 73, 83, 76, 77, 71, 40, 31, 32, 41, 73, 72, 83, 77, 78, 71, 40, 32, 33, 41, 72, 71, 83, 78, 79, 71, 40, 33, 34, 41, 71, 70, 83, 79, 80, 71, 40, 34, 35, 41, 70, 69, 83, 80, 81, 71, 40, 35, 36, 41, 69, 68, 83, 81, 82, 71, 40, 36, 37, 41, 68, 67, 83, 82, 83, 71, 40, 37, 38, 41, 67, 66, 83, 83, 84, 71, 40, 38, 39, 41, 66, 81, 83, 84, 85, 71, 40, 39, 24, 41, 81, 80, 83, 85, 69, 71], 
    "vertices": [-0.01513776, -0.1282663, -0.0414995, -0.01513776, -0.1282663, 0.04510319, 0.05986109, -0.1282663, 0.00180185, -0.05516919, 2.24277353, -0.08772433, -0.05516919, 2.24277353, 0.09132802, 0.09989443, 2.24277353, 0.00180185, 0.00986186, -0.1282663, 0.00180185, -0.00348195, 2.24277353, 0.00180185, 0.92387974, 2.20018983, -0.38268289, 0.70710713, 2.20018983, -0.70710635, 0.3826839, 2.20018983, -0.92387927, 5.1e-07, 2.20018983, -0.99999994, -0.38268298, 2.20018983, -0.92387968, -0.70710647, 2.20018983, -0.70710707, -0.92387938, 2.20018983, -0.38268378, -1.0, 2.20018983, -3.6e-07, -0.92387962, 2.20018983, 0.38268313, -0.70710695, 2.20018983, 0.70710659, -0.3826836, 2.20018983, 0.92387944, -1.5e-07, 2.20018983, 1.0, 0.38268331, 2.20018983, 0.92387956, 0.70710671, 2.20018983, 0.70710683, 0.9238795, 2.20018983, 0.38268346, 1.0, 2.20018983, 0.0, 0.92387974, 2.30018973, -0.38268289, 0.70710713, 2.30018973, -0.70710635, 0.3826839, 2.30018973, -0.92387927, 5.1e-07, 2.30018973, -0.99999994, -0.38268298, 2.30018973, -0.92387968, -0.70710647, 2.30018973, -0.70710707, -0.92387938, 2.30018973, -0.38268378, -1.0, 2.30018973, -3.6e-07, -0.92387962, 2.30018973, 0.38268313, -0.70710695, 2.30018973, 0.70710659, -0.3826836, 2.30018973, 0.92387944, -1.5e-07, 2.30018973, 1.0, 0.38268331, 2.30018973, 0.92387956, 0.70710671, 2.30018973, 0.70710683, 0.9238795, 2.30018973, 0.38268346, 1.0, 2.30018973, 0.0, 0.0, 2.20018983, 0.0, 0.0, 2.30018973, 0.0], 
    "materials": [],