{
    "uvs": [[0.4999997615814209, 0.8212136030197144, 0.7271318435668945, 0.7271324396133423, 0.4999997615814209, 0.5000001192092896, 0.2728680968284607, 0.7271324396133423, 0.1787867546081543, 0.5000001192092896, 0.2728680968284607, 0.2728680372238159, 0.4999997615814209, 0.1787872314453125, 0.7271318435668945, 0.2728680372238159, 0.8212132453918457, 0.5000001192092896, 0.4999997615814209, 0.8212136030197144, 0.7271318435668945, 0.7271324396133423, 0.2728680968284607, 0.7271324396133423, 0.1787867546081543, 0.5000001192092896, 0.2728680968284607, 0.2728680372238159, 0.4999997615814209, 0.1787872314453125, 0.7271318435668945, 0.2728680372238159, 0.8212132453918457, 0.5000001192092896, 0.4999997615814209, 0.7604727745056152, 0.6841815710067749, 0.6841821670532227, 0.3158179521560669, 0.6841821670532227, 0.2395276427268982, 0.5000001192092896, 0.3158179521560669, 0.31581878662109375, 0.4999997615814209, 0.23952805995941162, 0.6841815710067749, 0.31581878662109375, 0.760472297668457, 0.5000001192092896, 0.4999997615814209, 0.5000001192092896]], 
    "faces": [40, 1, 0, 24, 0, 1, 2, 0, 1, 2, 40, 2, 1, 24, 3, 0, 2, 3, 0, 2, 40, 3, 2, 24, 4, 3, 2, 4, 3, 2, 40, 4, 3, 24, 5, 4, 2, 5, 4, 2, 40, 5, 4, 24, 6, 5, 2, 6, 5, 2, 40, 6, 5, 24, 7, 6, 2, 7, 6, 2, 40, 7, 6, 24, 8, 7, 2, 8, 7, 2, 40, 0, 7, 24, 1, 8, 2, 1, 8, 2, 41, 0, 1, 9, 8, 1, 0, 9, 10, 9, 10, 11, 12, 41, 1, 2, 10, 9, 0, 3, 11, 9, 13, 14, 15, 16, 41, 2, 3, 11, 10, 3, 4, 12, 11, 17, 18, 19, 20, 41, 3, 4, 12, 11, 4, 5, 13, 12, 21, 22, 23, 24, 41, 4, 5, 13, 12, 5, 6, 14, 13, 25, 26, 27, 28, 41, 5, 6, 14, 13, 6, 7, 15, 14, 29, 30, 31, 32, 41, 6, 7, 15, 14, 7, 8, 16, 15, 33, 34, 35, 36, 41, 7, 0, 8, 15, 8, 1, 10, 16, 37, 38, 39, 40, 41, 8, 9, 17, 16, 10, 9, 17, 18, 41, 42, 43, 44, 41, 9, 10, 18, 17, 9, 11, 19, 17, 42, 45, 46, 43, 41, 10, 11, 19, 18, 11, 12, 20, 19, 45, 47, 48, 46, 41, 11, 12, 20, 19, 12, 13, 21, 20, 47, 49, 50, 48, 41, 12, 13, 21, 20, 13, 14, 22, 21, 49, 51, 52, 50, 41, 13, 14, 22, 21, 14, 15, 23, 22, 51, 53, 54, 52, 41, 14, 15, 23, 22, 15, 16, 24, 23, 53, 55, 56, 54, 41, 15, 8, 16, 23, 16, 10, 18, 24, 55, 41, 44, 56, 40, 16, 17, 25, 18, 17, 25, 44, 43, 57, 40, 17, 18, 25, 17, 19, 25, 43, 46, 57, 40, 18, 19, 25, 19, 20, 25, 46, 48, 57, 40, 19, 20, 25, 20, 21, 25, 48, 50, 57, 40, 20, 21, 25, 21, 22, 25, 50, 52, 57, 40, 21, 22, 25, 22, 23, 25, 52, 54, 57, 40, 22, 23, 25, 23, 24, 25, 54, 56, 57, 40, 23, 16, 25, 24, 18, 25, 56, 44, 57], 
    "vertices": [0.1353611, 0.00034153, -0.13716798, -0.00180657, 0.00034153, -0.19398459, -0.13897424, 0.00034153, -0.13716798, -0.19579116, 0.00034153, -0.0, -0.13897424, 0.00034153, 0.13716783, -0.00180657, 0.00034153, 0.19398443, 0.1353611, 0.00034153, 0.13716783, 0.19217802, 0.00034153, -0.0, 0.1353611, 0.02313484, -0.13716798, -0.00180657, 0.02313484, -0.19398459, -0.13897424, 0.02313484, -0.13716798, -0.19579116, 0.02313484, -0.0, -0.13897424, 0.02313484, 0.13716783, -0.00180657, 0.02313484, 0.19398443, 0.1353611, 0.02313484, 0.13716783, 0.19217802, 0.02313484, -0.0, 0.10942301, 0.00190192, -0.11122974, -0.00180657, 0.00190192, -0.15730241, -0.11303615, 0.00190192, -0.11122974, -0.15910898, 0.00190192, -0.0, -0.11303615, 0.00190192, 0.11122927, -0.00180657, 0.00190192, 0.15730226, 0.10942301, 0.00190192, 0.11122927, 0.15549584, 0.00190192, -0.0, -0.00180657, -0.01797634, -0.0, -0.00180657, -0.00034134, -0.0], 
    "materials": [{
        "opacity": 0.0, 
        "colorDiffuse": [0.4000000059604645, 0.4000000059604645, 0.4000000059604645], 
        "depthWrite": true, 
        "blending": "NormalBlending", 
        "shading": "Lambert", 
        "DbgName": "lambert1", 
        "transparent": true, 
        "depthTest": true, 
        "vertexColors": false
    }], 
    "normals": [0.0, -0.9955712, -0.0940109, 0.06647612, -0.99557114, -0.06647602, 0.0, -0.99999988, 1e-08, -0.06647604, -0.99557114, -0.06647619, -0.09401138, -0.99557108, -2.4e-07, -0.06647613, -0.99557108, 0.066476, 0.0, -0.99557114, 0.0940109, 0.06647613, -0.99557108, 0.06647624, 0.09401147, -0.99557114, 2.2e-07, 0.38268319, 0.0, -0.92387956, 0.38268319, 0.0, -0.92387956, 0.38268319, 0.0, -0.92387956, 0.38268319, 0.0, -0.92387956, -0.38268319, 0.0, -0.92387956, -0.38268319, 0.0, -0.92387956, -0.38268319, 0.0, -0.92387956, -0.38268319, 0.0, -0.92387956, -0.92387921, 0.0, -0.38268399, -0.92387921, 0.0, -0.38268399, -0.92387921, 0.0, -0.38268399, -0.92387921, 0.0, -0.38268399, -0.9238795, 0.0, 0.38268334, -0.9238795, 0.0, 0.38268334, -0.9238795, 0.0, 0.38268334, -0.9238795, 0.0, 0.38268334, -0.38268164, 0.0, 0.92388022, -0.38268164, 0.0, 0.92388022, -0.38268164, 0.0, 0.92388022, -0.38268164, 0.0, 0.92388022, 0.38268164, 0.0, 0.92388022, 0.38268164, 0.0, 0.92388022, 0.38268164, 0.0, 0.92388022, 0.38268164, 0.0, 0.92388022, 0.9238795, 0.0, 0.38268334, 0.9238795, 0.0, 0.38268334, 0.9238795, 0.0, 0.38268334, 0.9238795, 0.0, 0.38268334, 0.92387921, 0.0, -0.38268399, 0.92387921, 0.0, -0.38268399, 0.92387921, 0.0, -0.38268399, 0.92387921, 0.0, -0.38268399, -0.35423431, 0.86546838, 0.35423496, 4.2e-07, 0.8654682, 0.50096387, 2.2e-07, 0.96479678, 0.26299638, -0.18596655, 0.96479678, 0.18596654, 0.35423437, 0.86546838, 0.35423511, 0.18596686, 0.9647966, 0.18596692, 0.50096321, 0.8654685, 0.0, 0.2629967, 0.96479672, -5e-08, 0.35423279, 0.8654691, -0.3542347, 0.1859666, 0.96479684, -0.18596622, 7e-08, 0.86546981, -0.50096107, 4e-08, 0.96479696, -0.26299578, -0.3542327, 0.86546934, -0.35423419, -0.18596643, 0.96479684, -0.18596576, -0.50096303, 0.86546868, 1.6e-07, -0.26299694, 0.96479654, 4e-08, 0.0, 1.0, -1e-08], 
    "metadata": {
        "formatVersion": 3.1, 
        "generatedBy": "Maya Exporter"
    }
}