{
    "uvs": [[0.9196475744247437, 0.942898154258728, 0.9195950031280518, 0.9440882205963135, 0.8979408740997314, 0.6028362512588501, 0.8980661630630493, 0.6023976802825928, 0.8525522947311401, 0.5506149530410767, 0.8525522947311401, 0.5501837730407715, 0.1572781801223755, 0.5506149530410767, 0.1572781801223755, 0.5501837730407715, 0.10529577732086182, 0.6028337478637695, 0.10508739948272705, 0.6023950576782227, 0.09067964553833008, 0.9440748691558838, 0.08733302354812622, 0.9434016942977905, 0.9384106397628784, 0.941712498664856, 0.9922240972518921, 0.19032728672027588, 0.8526806831359863, 0.05588400363922119, 0.8225528001785278, 0.5288543701171875, 0.18728160858154297, 0.5288543701171875, 0.18720626831054688, 0.0772133469581604, 0.8226701021194458, 0.0772133469581604, 0.15719568729400635, 0.05588400363922119, 0.007776021957397461, 0.19032412767410278, 0.0717235803604126, 0.9432696104049683, 0.9360003471374512, 0.9441158771514893, 0.9919557571411133, 0.19077235460281372, 0.8526806831359863, 0.05629587173461914, 0.15719568729400635, 0.05629587173461914, 0.007927417755126953, 0.19076895713806152, 0.07435023784637451, 0.9441078901290894]], 
    "faces": [41, 6, 0, 1, 7, 0, 1, 2, 3, 0, 1, 2, 3, 41, 7, 1, 2, 8, 3, 2, 4, 5, 3, 2, 4, 5, 41, 2, 3, 9, 8, 4, 6, 7, 5, 4, 6, 7, 5, 41, 9, 3, 4, 10, 7, 6, 8, 9, 7, 6, 8, 9, 41, 10, 4, 5, 11, 9, 8, 10, 11, 9, 8, 10, 11, 41, 12, 6, 7, 13, 12, 0, 3, 13, 12, 13, 14, 15, 41, 13, 7, 8, 14, 13, 3, 5, 14, 15, 14, 16, 17, 41, 24, 25, 26, 27, 15, 16, 17, 18, 18, 19, 20, 21, 41, 15, 9, 10, 16, 19, 7, 9, 20, 22, 23, 24, 25, 41, 16, 10, 11, 17, 20, 9, 11, 21, 25, 24, 26, 27, 41, 18, 12, 13, 19, 22, 12, 13, 23, 28, 29, 30, 31, 41, 19, 13, 14, 20, 23, 13, 14, 24, 31, 30, 32, 33, 41, 14, 15, 21, 20, 14, 19, 25, 24, 32, 34, 35, 33, 41, 21, 15, 16, 22, 25, 19, 20, 26, 35, 34, 36, 37, 41, 22, 16, 17, 23, 26, 20, 21, 27, 37, 36, 38, 39, 41, 0, 18, 19, 1, 1, 22, 23, 2, 40, 41, 42, 43, 41, 1, 19, 20, 2, 2, 23, 24, 4, 43, 42, 44, 45, 41, 20, 21, 3, 2, 24, 25, 6, 4, 44, 46, 47, 45, 41, 3, 21, 22, 4, 6, 25, 26, 8, 47, 46, 48, 49, 41, 4, 22, 23, 5, 8, 26, 27, 10, 49, 48, 50, 51, 41, 5, 23, 17, 11, 10, 27, 21, 11, 52, 53, 54, 55, 41, 18, 0, 6, 12, 22, 1, 0, 12, 56, 57, 58, 59, 41, 8, 9, 25, 24, 5, 7, 16, 15, 60, 61, 62, 63, 41, 9, 15, 26, 25, 7, 19, 17, 16, 64, 65, 66, 67, 41, 15, 14, 27, 26, 19, 14, 18, 17, 68, 69, 70, 71, 41, 14, 8, 24, 27, 14, 5, 15, 18, 72, 73, 74, 75], 
    "vertices": [0.62014842, -0.04614355, -0.04416303, 0.58776677, -0.05807377, 0.46614552, 0.51989257, -0.05807857, 0.54423738, -0.51982141, -0.05807857, 0.54423738, -0.59755588, -0.05807377, 0.46614921, -0.6194129, -0.04615835, -0.04414321, 0.6202271, 0.04186297, -0.04238351, 0.58795404, 0.0158396, 0.46680152, 0.51989257, 0.01583864, 0.5448823, -0.51982141, 0.01583864, 0.5448823, -0.59786749, 0.0158396, 0.46680534, -0.62441742, 0.04235362, -0.04313654, 0.64828527, 0.04846758, -0.04061037, 0.7287581, 0.01583123, 1.0830121, 0.52008462, 0.01582849, 1.28405881, -0.51994467, 0.01582849, 1.28405881, -0.74338698, 0.01583123, 1.08301687, -0.6477598, 0.04785695, -0.04293901, 0.6446811, -0.04609459, -0.04420451, 0.72835672, -0.04452901, 1.08234668, 0.52008462, -0.04793827, 1.28344297, -0.51994467, -0.04793827, 1.28344297, -0.74316072, -0.04452901, 1.08235168, -0.64383185, -0.04610556, -0.04419252, 0.47503138, -0.00584876, 0.57677817, -0.47495413, -0.00584876, 0.57677817, -0.47506678, -0.00585809, 1.25216293, 0.47520673, -0.00585809, 1.25216293], 
    "materials": [], 
    "normals": [-0.99799782, 0.00258947, -0.06319506, -0.99799782, 0.00258947, -0.06319506, -0.98699421, 0.00333156, -0.16072142, -0.98739028, 0.00331315, -0.15826951, -0.07058963, 0.00879689, -0.9974665, -0.07004166, 0.0087965, -0.99750519, 0.0699438, 0.00885599, -0.99751157, 0.06943853, 0.00885519, -0.99754691, 0.98649269, 0.03004573, -0.16102563, 0.98699957, 0.03013706, -0.1578726, 0.99838555, 0.03314865, -0.04612167, 0.99838573, 0.03314866, -0.04612168, -0.18763717, 0.98139083, 0.0407961, -0.18763719, 0.98139083, 0.0407961, -0.12184744, 0.99219507, 0.02649695, -0.00801645, 0.99996632, 0.00175606, 3.6e-07, 1.0, 1.362e-05, 3.6e-07, 0.99999994, 1.362e-05, 0.0, 1.0, 1.381e-05, 0.0, 1.0, 1.381e-05, 0.0, 0.99999994, 1.381e-05, 0.0, 0.99999988, 1.381e-05, -3.3e-07, 1.0, 1.362e-05, -3.3e-07, 1.0, 1.362e-05, 0.11366982, 0.99318111, 0.02589179, 0.00699371, 0.99997425, 0.00160589, 0.18923418, 0.98098582, 0.04309468, 0.18923418, 0.98098588, 0.04309467, 0.99704403, -0.02377038, -0.07306182, 0.99704421, -0.02377038, -0.07306183, 0.9976663, -0.02255749, 0.06444316, 0.99761373, -0.02254903, 0.06525505, 0.15499912, -0.01014826, 0.98786247, 0.15513058, -0.01014858, 0.98784173, -0.15328035, -0.0099352, 0.98813272, -0.15340446, -0.00993533, 0.98811352, -0.99776471, -0.02421787, 0.06228226, -0.99773127, -0.02421142, 0.06281795, -0.99591553, -0.02573186, -0.0865453, -0.99591541, -0.02573186, -0.0865453, 0.11912305, -0.99282879, -0.01001956, 0.11912306, -0.99282897, -0.01001957, 0.03084468, -0.99943078, 0.0136613, 0.0859159, -0.99630183, -0.00109, 0.0017498, -0.9999035, 0.01377665, 0.00467313, -0.99989283, 0.01387696, -0.0018094, -0.99990332, 0.01379326, -0.00450108, -0.99989319, 0.01390729, -0.02849341, -0.99949825, 0.0138341, -0.08340804, -0.99651474, -0.00117652, -0.12320553, -0.99230736, -0.01209913, -0.12320554, -0.99230742, -0.01209913, -0.00167184, 0.01230352, -0.99992293, -0.00167184, 0.01230352, -0.99992293, -0.00167184, 0.01230352, -0.99992305, -0.00167184, 0.01230352, -0.99992287, 0.02925308, 0.02881875, -0.99915648, 0.02925308, 0.02881875, -0.99915648, 0.02925308, 0.02881875, -0.99915648, 0.02925308, 0.02881875, -0.99915642, 0.0, 0.82694811, 0.56227821, 0.0, 0.82694811, 0.56227815, 0.0, 0.82694799, 0.56227815, 0.0, 0.82694811, 0.56227815, 0.43514526, 0.90036029, 8.497e-05, 0.43514523, 0.90036023, 8.497e-05, 0.43514526, 0.90036017, 8.497e-05, 0.43514526, 0.90036029, 8.497e-05, 0.0, 0.826958, -0.56226355, 0.0, 0.826958, -0.56226355, 0.0, 0.82695806, -0.56226355, 0.0, 0.82695806, -0.56226355, -0.43516937, 0.90034848, 0.00012542, -0.4351694, 0.90034854, 0.00012542, -0.43516937, 0.9003486, 0.00012542, -0.43516937, 0.9003486, 0.00012542], 
    "metadata": {
        "formatVersion": 3.1, 
        "generatedBy": "Maya Exporter"
    }
}