{
    "uvs": [[0.375, 0.0, 0.625, 0.0, 0.375, 0.25, 0.625, 0.25, 0.375, 0.5, 0.625, 0.5, 0.375, 0.75, 0.625, 0.75, 0.375, 1.0, 0.625, 1.0, 0.875, 0.0, 0.875, 0.25, 0.125, 0.0, 0.125, 0.25, 0.375, 0.0, 0.625, 0.0, 0.625, 0.25, 0.375, 0.25, 0.625, 0.5, 0.375, 0.5, 0.625, 0.75, 0.375, 0.75, 0.625, 1.0, 0.375, 1.0, 0.875, 0.0, 0.875, 0.25, 0.125, 0.0, 0.125, 0.25, 0.375, 0.0, 0.625, 0.0, 0.625, 0.25, 0.375, 0.25, 0.625, 0.5, 0.375, 0.5, 0.625, 0.75, 0.375, 0.75, 0.625, 1.0, 0.375, 1.0, 0.875, 0.0, 0.875, 0.25, 0.125, 0.0, 0.125, 0.25, 1.0, -5.960464477539063e-08, 1.0, -1.1920928955078125e-07, 0.0, -1.1920928955078125e-07, 0.0, -5.960464477539063e-08, 0.0, 0.9999998807907104, 0.0, 1.0, 1.0, 0.9999998807907104, 1.0, 1.0]], 
    "faces": [41, 0, 1, 3, 2, 0, 1, 3, 2, 0, 1, 2, 3, 41, 2, 3, 5, 4, 2, 3, 5, 4, 4, 5, 6, 7, 41, 4, 5, 7, 6, 4, 5, 7, 6, 8, 9, 10, 11, 41, 6, 7, 1, 0, 6, 7, 9, 8, 12, 13, 14, 15, 41, 1, 7, 5, 3, 1, 10, 11, 3, 16, 17, 18, 19, 41, 6, 0, 2, 4, 12, 0, 2, 13, 20, 21, 22, 23, 41, 8, 9, 11, 10, 14, 15, 16, 17, 24, 25, 26, 27, 41, 10, 11, 13, 12, 17, 16, 18, 19, 28, 29, 30, 31, 41, 12, 13, 15, 14, 19, 18, 20, 21, 32, 33, 34, 35, 41, 14, 15, 9, 8, 21, 20, 22, 23, 36, 37, 38, 39, 41, 9, 15, 13, 11, 15, 24, 25, 16, 40, 41, 42, 43, 41, 14, 8, 10, 12, 26, 14, 17, 27, 44, 45, 46, 47, 41, 16, 17, 19, 18, 28, 29, 30, 31, 48, 49, 50, 51, 41, 18, 19, 21, 20, 31, 30, 32, 33, 52, 53, 54, 55, 41, 20, 21, 23, 22, 33, 32, 34, 35, 56, 57, 58, 59, 41, 22, 23, 17, 16, 35, 34, 36, 37, 60, 61, 62, 63, 41, 17, 23, 21, 19, 29, 38, 39, 30, 64, 65, 66, 67, 41, 22, 16, 18, 20, 40, 28, 31, 41, 68, 69, 70, 71, 41, 24, 25, 27, 26, 42, 43, 44, 45, 72, 73, 74, 75, 41, 26, 27, 29, 28, 45, 44, 46, 47, 76, 77, 78, 79, 41, 28, 29, 31, 30, 47, 46, 48, 49, 80, 81, 82, 83, 41, 30, 31, 25, 24, 49, 48, 43, 42, 84, 85, 86, 87, 41, 25, 31, 29, 27, 43, 48, 46, 44, 88, 89, 90, 91, 41, 30, 24, 26, 28, 49, 42, 45, 47, 92, 93, 94, 95], 
    "vertices": [-2.86128235, 0.24114761, 3.16044378, -1.86128235, 0.24114761, 3.16044378, -2.86128235, 3.24114752, 3.16044378, -1.86128235, 3.24114752, 3.16044378, -2.86128235, 3.24114752, -1.83955622, -1.86128235, 3.24114752, -1.83955622, -2.86128235, 0.24114761, -1.83955622, -1.86128235, 0.24114761, -1.83955622, -2.20383835, 5.06376123, 3.11748075, -2.20383835, 5.06376123, -1.80619717, -2.20383835, 5.26376104, 3.11748075, -2.20383835, 5.26376104, -1.80619717, -2.8143959, 5.26376104, 3.11748075, -2.8143959, 5.26376104, -1.80619717, -2.8143959, 5.06376123, 3.11748075, -2.8143959, 5.06376123, -1.80619717, -2.20383835, 6.53612518, 3.11748075, -2.20383835, 6.53612518, -1.80619717, -2.20383835, 6.73612499, 3.11748075, -2.20383835, 6.73612499, -1.80619717, -2.8143959, 6.73612499, 3.11748075, -2.8143959, 6.73612499, -1.80619717, -2.8143959, 6.53612518, 3.11748075, -2.8143959, 6.53612518, -1.80619717, -2.78210831, 0.03758642, 7.54046822, -2.78210831, 10.02742577, 7.54046822, -2.98210526, 0.03758642, 7.54046822, -2.98210526, 10.02742577, 7.54046822, -2.98210526, 0.03758642, -2.45953226, -2.98210526, 10.02742577, -2.45953226, -2.78210831, 0.03758642, -2.45953226, -2.78210831, 10.02742577, -2.45953226], 
    "materials": [], 
    "normals": [0.0, 0.0, 0.99999994, 0.0, 0.0, 0.99999994, 0.0, 0.0, 0.99999994, 0.0, 0.0, 0.99999994, 0.0, 0.99999994, 0.0, 0.0, 0.99999994, 0.0, 0.0, 0.99999994, 0.0, 0.0, 0.99999994, 0.0, 0.0, 0.0, -0.99999994, 0.0, 0.0, -0.99999994, 0.0, 0.0, -0.99999994, 0.0, 0.0, -0.99999994, 0.0, -0.99999994, 0.0, 0.0, -0.99999994, 0.0, 0.0, -0.99999994, 0.0, 0.0, -0.99999994, 0.0, 0.99999994, 0.0, 0.0, 0.99999994, 0.0, 0.0, 0.99999994, 0.0, 0.0, 0.99999994, 0.0, 0.0, -0.99999994, 0.0, 0.0, -0.99999994, 0.0, 0.0, -0.99999994, 0.0, 0.0, -0.99999994, 0.0, 0.0, 1.0, 0.0, 0.0, 1.0, 0.0, 0.0, 1.0, 0.0, 0.0, 1.0, 0.0, 0.0, 0.0, 0.99999994, 0.0, 0.0, 0.99999994, 0.0, 0.0, 0.99999994, 0.0, 0.0, 0.99999994, 0.0, -1.0, 0.0, 0.0, -1.0, 0.0, 0.0, -1.0, 0.0, 0.0, -1.0, 0.0, 0.0, 0.0, -0.99999994, 0.0, 0.0, -0.99999994, 0.0, 0.0, -0.99999994, 0.0, 0.0, -0.99999994, 0.0, 0.0, 0.0, -1.0, 0.0, 0.0, -1.0, 0.0, 0.0, -1.0, 0.0, 0.0, -1.0, 0.0, 0.0, 1.0, 0.0, 0.0, 1.0, 0.0, 0.0, 1.0, 0.0, 0.0, 1.0, 1.0, 0.0, 0.0, 1.0, 0.0, 0.0, 1.0, 0.0, 0.0, 1.0, 0.0, 0.0, 0.0, 0.99999994, 0.0, 0.0, 0.99999994, 0.0, 0.0, 0.99999994, 0.0, 0.0, 0.99999994, 0.0, -1.0, 0.0, 0.0, -1.0, 0.0, 0.0, -1.0, 0.0, 0.0, -1.0, 0.0, 0.0, 0.0, -0.99999994, 0.0, 0.0, -0.99999994, 0.0, 0.0, -0.99999994, 0.0, 0.0, -0.99999994, 0.0, 0.0, 0.0, -1.0, 0.0, 0.0, -1.0, 0.0, 0.0, -1.0, 0.0, 0.0, -1.0, 0.0, 0.0, 1.0, 0.0, 0.0, 1.0, 0.0, 0.0, 1.0, 0.0, 0.0, 1.0, 0.0, 0.0, 1.0, 0.0, 0.0, 1.0, 0.0, 0.0, 1.0, 0.0, 0.0, 1.0, -0.99999994, 0.0, 0.0, -0.99999994, 0.0, 0.0, -0.99999994, 0.0, 0.0, -0.99999994, 0.0, 0.0, 0.0, 0.0, -1.0, 0.0, 0.0, -1.0, 0.0, 0.0, -1.0, 0.0, 0.0, -1.0, 0.99999994, 0.0, 0.0, 0.99999994, 0.0, 0.0, 0.99999994, 0.0, 0.0, 0.99999994, 0.0, 0.0, 0.0, 1.0, 0.0, 0.0, 1.0, 0.0, 0.0, 1.0, 0.0, 0.0, 1.0, 0.0, 0.0, -1.0, 0.0, 0.0, -1.0, 0.0, 0.0, -1.0, 0.0, 0.0, -1.0, 0.0], 
    "metadata": {
        "formatVersion": 3.1, 
        "generatedBy": "Maya Exporter"
    }
}