{
    "uvs": [[0.9190734624862671, 0.0, 0.6625052690505981, 0.0, 0.6625052690505981, 0.0, 0.9190734624862671, 0.0, 0.6625052690505981, 1.0, 0.9190734624862671, 1.0, 0.6625052690505981, 1.0, 0.9190734624862671, 1.0]], 
    "faces": [41, 0, 1, 3, 2, 0, 1, 2, 3, 0, 1, 2, 3, 41, 2, 3, 5, 4, 3, 2, 4, 5, 4, 5, 6, 7, 41, 4, 5, 7, 6, 5, 4, 6, 7, 8, 9, 10, 11, 41, 6, 7, 1, 0, 7, 6, 1, 0, 12, 13, 14, 15, 41, 1, 7, 5, 3, 1, 6, 4, 2, 16, 17, 18, 19, 41, 6, 0, 2, 4, 7, 0, 3, 5, 20, 21, 22, 23], 
    "vertices": [-2.94553661, 0.15299717, -2.52796125, 1.55121219, 0.15299717, -2.52796125, -2.94553661, 0.15299715, -2.32796144, 1.55121219, 0.15299715, -2.32796144, -2.94553661, 10.15299606, -2.32796025, 1.55121219, 10.15299606, -2.32796025, -2.94553661, 10.15299606, -2.52796006, 1.55121219, 10.15299606, -2.52796006], 
    "materials": [], 
    "normals": [0.0, -1.0, -7e-08, 0.0, -1.0, -7e-08, 0.0, -1.0, -7e-08, 0.0, -1.0, -7e-08, 0.0, -1.2e-07, 0.99999994, 0.0, -1.2e-07, 0.99999994, 0.0, -1.2e-07, 0.99999994, 0.0, -1.2e-07, 0.99999994, 0.0, 1.0, 0.0, 0.0, 1.0, 0.0, 0.0, 1.0, 0.0, 0.0, 1.0, 0.0, 0.0, 1.2e-07, -0.99999994, 0.0, 1.2e-07, -0.99999994, 0.0, 1.2e-07, -0.99999994, 0.0, 1.2e-07, -0.99999994, 1.0, 0.0, 0.0, 1.0, 0.0, 0.0, 1.0, 0.0, 0.0, 0.99999994, 0.0, 0.0, -1.0, 0.0, 0.0, -1.0, 0.0, 0.0, -0.99999994, 0.0, 0.0, -1.0, 0.0, 0.0], 
    "metadata": {
        "formatVersion": 3.1, 
        "generatedBy": "Maya Exporter"
    }
}