{
    "uvs": [[0.2713332176208496, -5.960464477539063e-08, 0.7286663055419922, -5.960464477539063e-08, 0.7286663055419922, -5.960464477539063e-08, 0.2713332176208496, -5.960464477539063e-08, 0.7286663055419922, 1.0, 0.2713332176208496, 1.0, 0.7286663055419922, 1.0, 0.2713332176208496, 1.0]], 
    "faces": [41, 0, 1, 3, 2, 0, 1, 2, 3, 0, 1, 2, 3, 41, 2, 3, 5, 4, 3, 2, 4, 5, 4, 5, 6, 7, 41, 4, 5, 7, 6, 5, 4, 6, 7, 8, 9, 10, 11, 41, 6, 7, 1, 0, 7, 6, 1, 0, 12, 13, 14, 15, 41, 1, 7, 5, 3, 1, 6, 4, 2, 16, 17, 18, 19, 41, 6, 0, 2, 4, 7, 0, 3, 5, 20, 21, 22, 23], 
    "vertices": [-3.01958203, 0.05181751, 7.54046822, 1.5537498, 0.05181751, 7.54046822, -3.01958203, 0.25181752, 7.54046822, 1.5537498, 0.25181752, 7.54046822, -3.01958203, 0.25181752, -2.45953202, 1.5537498, 0.25181752, -2.45953202, -3.01958203, 0.05181751, -2.45953202, 1.5537498, 0.05181751, -2.45953202], 
    "materials": [], 
    "normals": [0.0, 0.0, 0.99999994, 0.0, 0.0, 0.99999994, 0.0, 0.0, 0.99999994, 0.0, 0.0, 0.99999994, 0.0, 0.99999994, 0.0, 0.0, 0.99999994, 0.0, 0.0, 0.99999994, 0.0, 0.0, 0.99999994, 0.0, 0.0, 0.0, -0.99999994, 0.0, 0.0, -0.99999994, 0.0, 0.0, -0.99999994, 0.0, 0.0, -0.99999994, 0.0, -0.99999994, 0.0, 0.0, -0.99999994, 0.0, 0.0, -0.99999994, 0.0, 0.0, -0.99999994, 0.0, 1.00000012, 0.0, 0.0, 1.00000012, 0.0, 0.0, 1.00000012, 0.0, 0.0, 1.00000012, 0.0, 0.0, -1.00000012, 0.0, 0.0, -1.00000012, 0.0, 0.0, -1.00000012, 0.0, 0.0, -1.00000012, 0.0, 0.0], 
    "metadata": {
        "formatVersion": 3.1, 
        "generatedBy": "Maya Exporter"
    }
}